fid,pid,side,cc,opp_cc,name,position,ot_overall,ot_vs_weak,ot_vs_strong,ot_vs_medium,att_overall,matches_played,n_vs_weak,n_vs_strong,n_vs_medium,is_FW,is_MF,is_DF,is_GK,ot_x_FW,ot_x_DF,opp_gc_per_match,team_favoredness,ot_overall_weighted,ot_position_adjusted,own_team_capacity,opp_team_capacity,ot_overall_strength_adj,att_overall_strength_adj,shots_on_target_actual,y
f1359225,484012,home,CZE,RSA,Matej KOVAR,0,0.0,-1.0,-1.0,0.0,0.0,1.0777777777777777,0,0,1.0777777777777777,0,0,0,1,0,0,2.0,0.5,0.0,0.0,4.0,2.0,0.0,0.0,0,0
f1359225,486080,home,CZE,RSA,Robin HRANAC,1,0.0,-1.0,-1.0,0.0,0.0,1.0777777777777777,0,0,1.0777777777777777,0,0,1,0,0,0,2.0,0.5,0.0,0.0,4.0,2.0,0.0,0.0,0,0
f1359225,472908,home,CZE,RSA,Vladimir COUFAL,1,0.0,-1.0,-1.0,0.0,0.0,1.0777777777777777,0,0,1.0777777777777777,0,0,1,0,0,0,2.0,0.5,0.0,0.0,4.0,2.0,0.0,0.0,0,0
f1359225,441170,home,CZE,RSA,Ladislav KREJCI,1,0.928,-1.0,-1.0,0.928,0.928,1.0777777777777777,0,0,1.0777777777777777,0,0,1,0,0,0,2.0,0.5,0.464,0.371,4.0,2.0,0.928,0.928,0,0
f1359225,523097,home,CZE,RSA,Alexandr SOJKA,2,0.0,-1.0,-1.0,0.0,0.0,0.9333333333333333,0,0,0.9333333333333333,0,1,0,0,0,0,2.0,0.5,0.0,0.0,4.0,2.0,0.0,0.0,0,0
f1359225,401481,home,CZE,RSA,Patrik Schick,3,0.0,-1.0,-1.0,0.0,0.0,0.7,0,0,0.7,1,0,0,0,0,0,2.0,0.5,0.0,0.0,4.0,2.0,0.0,0.0,1,1
f1359225,395986,away,RSA,CZE,Ronwen WILLIAMS,0,0.0,-1.0,0.0,-1.0,0.0,1.0888888888888888,0,1.0888888888888888,0,0,0,0,1,0.0,0.0,2.0,-0.5,0.0,0.0,2.0,4.0,0.0,0.0,0,0
f1359225,395050,away,RSA,CZE,Aubrey MODIBA,1,1.184,-1.0,1.184,-1.0,1.184,0.8444444444444444,0,0.8444444444444444,0,0,0,1,0,0.0,1.184,2.0,-0.5,0.592,0.474,2.0,4.0,1.184,1.184,0,0
f1359225,504199,away,RSA,CZE,Mbekezeli MBOKAZI,1,0.918,-1.0,0.918,-1.0,0.918,1.0888888888888888,0,1.0888888888888888,0,0,0,1,0,0.0,0.918,2.0,-0.5,0.459,0.367,2.0,4.0,0.918,0.918,0,0
f1359225,463218,away,RSA,CZE,Khuliso MUDAU,1,0.0,-1.0,0.0,-1.0,0.0,1.0888888888888888,0,1.0888888888888888,0,0,0,1,0,0.0,0.0,2.0,-0.5,0.0,0.0,2.0,4.0,0.0,0.0,0,0
f1359225,506039,away,RSA,CZE,Ime OKON,1,0.0,-1.0,0.0,-1.0,0.0,1.0888888888888888,0,1.0888888888888888,0,0,0,1,0,0.0,0.0,2.0,-0.5,0.0,0.0,2.0,4.0,0.0,0.0,0,0
f1359225,403616,away,RSA,CZE,Teboho MOKOENA,2,0.0,-1.0,0.0,-1.0,0.0,1.0888888888888888,0,1.0888888888888888,0,0,1,0,0,0.0,0.0,2.0,-0.5,0.0,0.0,2.0,4.0,0.0,0.0,1,1
f1359225,463236,away,RSA,CZE,Jayden ADAMS,2,0.0,-1.0,0.0,-1.0,0.0,0.6777777777777778,0,0.6777777777777778,0,0,1,0,0,0.0,0.0,2.0,-0.5,0.0,0.0,2.0,4.0,0.0,0.0,0,0
f1359225,481242,away,RSA,CZE,Iqraam RAYNERS,3,0.0,-1.0,0.0,-1.0,0.0,0.8444444444444444,0,0.8444444444444444,0,1,0,0,0,0.0,0.0,2.0,-0.5,0.0,0.0,2.0,4.0,0.0,0.0,0,0
f1359228,448107,home,SUI,BIH,Gregor KOBEL,0,0.0,0.0,-1.0,-1.0,0.0,1.0888888888888888,1.0888888888888888,0,0,0,0,0,1,0,0,1.0,1.0,0.0,0.0,7.0,3.0,-1.0,0,0,0
f1359228,398509,home,SUI,BIH,Nico ELVEDI,1,0.0,0.0,-1.0,-1.0,1.837,1.0888888888888888,1.0888888888888888,0,0,0,0,1,0,0,0,1.0,1.0,0.0,0.0,7.0,3.0,-1.0,0,0,0
f1359228,405178,home,SUI,BIH,Manuel AKANJI,1,0.918,0.918,-1.0,-1.0,0.918,1.0888888888888888,1.0888888888888888,0,0,0,0,1,0,0,0,1.0,1.0,0.459,0.367,7.0,3.0,-1.0,0,0,0
f1359228,313559,home,SUI,BIH,Ricardo RODRIGUEZ,1,0.0,0.0,-1.0,-1.0,0.0,0.9888888888888889,0.9888888888888889,0,0,0,0,1,0,0,0,1.0,1.0,0.0,0.0,7.0,3.0,-1.0,0,0,0
f1359228,402021,home,SUI,BIH,Remo FREULER,2,0.0,0.0,-1.0,-1.0,0.0,0.9888888888888889,0.9888888888888889,0,0,0,1,0,0,0,0,1.0,1.0,0.0,0.0,7.0,3.0,-1.0,0,0,0
f1359228,311558,home,SUI,BIH,Granit XHAKA,2,0.0,0.0,-1.0,-1.0,1.837,1.0888888888888888,1.0888888888888888,0,0,0,1,0,0,0,0,1.0,1.0,0.0,0.0,7.0,3.0,-1.0,0,1,1
f1359228,433147,home,SUI,BIH,Michel AEBISCHER,2,1.385,1.385,-1.0,-1.0,1.385,0.7222222222222222,0.7222222222222222,0,0,0,1,0,0,0,0,1.0,1.0,0.693,1.246,7.0,3.0,-1.0,0,0,0
f1359228,393480,home,SUI,BIH,Breel EMBOLO,3,0.918,0.918,-1.0,-1.0,3.673,1.0888888888888888,1.0888888888888888,0,0,1,0,0,0,0,0,1.0,1.0,0.459,0.918,7.0,3.0,-1.0,0,0,0
f1359228,448114,home,SUI,BIH,Dan NDOYE,3,2.769,2.769,-1.0,-1.0,8.308,0.7222222222222222,0.7222222222222222,0,0,1,0,0,0,0,0,1.0,1.0,1.385,2.769,7.0,3.0,-1.0,0,2,1
f1359228,482978,away,BIH,SUI,Nikola VASILJ,0,0.0,-1.0,0.0,-1.0,0.0,1.0777777777777777,0,1.0777777777777777,0,0,0,0,1,0.0,0.0,1.0,-1.0,0.0,0.0,3.0,7.0,0.0,0.0,0,0
f1359228,484022,away,BIH,SUI,Tarik MUHAREMOVIC,1,0.0,-1.0,0.0,-1.0,0.928,1.0777777777777777,0,1.0777777777777777,0,0,0,1,0,0.0,0.0,1.0,-1.0,0.0,0.0,3.0,7.0,0.0,0.928,0,0
f1359228,376230,away,BIH,SUI,Sead KOLASINAC,1,0.0,-1.0,0.0,-1.0,0.0,0.9222222222222223,0,0.9222222222222223,0,0,0,1,0,0.0,0.0,1.0,-1.0,0.0,0.0,3.0,7.0,0.0,0.0,0,0
f1359228,482976,away,BIH,SUI,Amar DEDIC,1,0.0,-1.0,0.0,-1.0,0.0,1.0777777777777777,0,1.0777777777777777,0,0,0,1,0,0.0,0.0,1.0,-1.0,0.0,0.0,3.0,7.0,0.0,0.0,1,1
f1359228,489520,away,BIH,SUI,Nikola KATIC,1,0.0,-1.0,0.0,-1.0,0.0,1.0777777777777777,0,1.0777777777777777,0,0,0,1,0,0.0,0.0,1.0,-1.0,0.0,0.0,3.0,7.0,0.0,0.0,0,0
f1359228,483966,away,BIH,SUI,Benjamin TAHIROVIC,2,0.0,-1.0,0.0,-1.0,0.928,1.0777777777777777,0,1.0777777777777777,0,0,1,0,0,0.0,0.0,1.0,-1.0,0.0,0.0,3.0,7.0,0.0,0.928,0,0
f1359228,494640,away,BIH,SUI,Amar MEMIC,2,0.0,-1.0,0.0,-1.0,1.216,0.8222222222222222,0,0.8222222222222222,0,0,1,0,0,0.0,0.0,1.0,-1.0,0.0,0.0,3.0,7.0,0.0,1.216,1,1
f1359228,436743,away,BIH,SUI,Ermedin DEMIROVIC,3,0.928,-1.0,0.928,-1.0,0.928,1.0777777777777777,0,1.0777777777777777,0,1,0,0,0,0.928,0.0,1.0,-1.0,0.464,0.928,3.0,7.0,0.928,0.928,0,0
f1359185,331732,home,CAN,QAT,Maxime CREPEAU,0,0.0,-1.0,-1.0,0.0,0.0,1.0777777777777777,0,0,1.0777777777777777,0,0,0,1,0,0,1.0,1.75,0.0,0.0,4.0,3.0,0.0,0.0,0,0
f1359185,441252,home,CAN,QAT,Alistair JOHNSTON,1,0.0,-1.0,-1.0,0.0,0.928,1.0777777777777777,0,0,1.0777777777777777,0,0,1,0,0,0,1.0,1.75,0.0,0.0,4.0,3.0,0.0,0.928,1,1
f1359185,480322,home,CAN,QAT,Luc DE FOUGEROLLES,1,0.0,-1.0,-1.0,0.0,0.0,1.0777777777777777,0,0,1.0777777777777777,0,0,1,0,0,0,1.0,1.75,0.0,0.0,4.0,3.0,0.0,0.0,0,0
f1359185,371958,home,CAN,QAT,Derek CORNELIUS,1,0.0,-1.0,-1.0,0.0,0.928,1.0777777777777777,0,0,1.0777777777777777,0,0,1,0,0,0,1.0,1.75,0.0,0.0,4.0,3.0,0.0,0.928,0,0
f1359185,431696,home,CAN,QAT,Richie LARYEA,1,0.928,-1.0,-1.0,0.928,0.928,1.0777777777777777,0,0,1.0777777777777777,0,0,1,0,0,0,1.0,1.75,0.464,0.371,4.0,3.0,0.928,0.928,0,0
f1359185,433635,home,CAN,QAT,Stephen EUSTAQUIO,2,0.0,-1.0,-1.0,0.0,0.989,1.011111111111111,0,0,1.011111111111111,0,1,0,0,0,0,1.0,1.75,0.0,0.0,4.0,3.0,0.0,0.989,0,0
f1359185,441258,home,CAN,QAT,Ismael KONE,2,0.0,-1.0,-1.0,0.0,0.928,1.0777777777777777,0,0,1.0777777777777777,0,1,0,0,0,0,1.0,1.75,0.0,0.0,4.0,3.0,0.0,0.928,0,0
f1359185,441257,home,CAN,QAT,Jonathan DAVID,3,1.475,-1.0,-1.0,1.475,4.426,0.6777777777777778,0,0,0.6777777777777778,1,0,0,0,0,0,1.0,1.75,0.738,1.475,4.0,3.0,1.475,4.426,6,1
f1359185,430138,home,CAN,QAT,Tajon BUCHANAN,3,0.0,-1.0,-1.0,0.0,0.0,0.6777777777777778,0,0,0.6777777777777778,1,0,0,0,0,0,1.0,1.75,0.0,0.0,4.0,3.0,0.0,0.0,1,1
f1359185,419459,away,QAT,CAN,MAHMOUD ABUNADA,0,0.0,-1.0,0.0,-1.0,0.0,1.0888888888888888,0,1.0888888888888888,0,0,0,0,1,0.0,0.0,1.0,-1.75,0.0,0.0,3.0,4.0,0.0,0.0,0,0
f1359185,416051,away,QAT,CAN,PEDRO MIGUEL,1,0.0,-1.0,0.0,-1.0,0.0,1.0888888888888888,0,1.0888888888888888,0,0,0,1,0,0.0,0.0,1.0,-1.75,0.0,0.0,3.0,4.0,0.0,0.0,0,0
f1359185,512791,away,QAT,CAN,ISSA LAYE,1,0.0,-1.0,0.0,-1.0,0.918,1.0888888888888888,0,1.0888888888888888,0,0,0,1,0,0.0,0.0,1.0,-1.75,0.0,0.0,3.0,4.0,0.0,0.918,0,0
f1359185,419473,away,QAT,CAN,JASSEM GABER,1,0.0,-1.0,0.0,-1.0,0.0,0.6666666666666666,0,0.6666666666666666,0,0,0,1,0,0.0,0.0,1.0,-1.75,0.0,0.0,3.0,4.0,0.0,0.0,0,0
f1359185,510991,away,QAT,CAN,AYOUB ALOUI,1,0.0,-1.0,0.0,-1.0,0.0,0.6666666666666666,0,0.6666666666666666,0,0,0,1,0,0.0,0.0,1.0,-1.75,0.0,0.0,3.0,4.0,0.0,0.0,0,0
f1359185,419441,away,QAT,CAN,HOMAM AHMED,1,0.0,-1.0,0.0,-1.0,0.918,1.0888888888888888,0,1.0888888888888888,0,0,0,1,0,0.0,0.0,1.0,-1.75,0.0,0.0,3.0,4.0,0.0,0.918,0,0
f1359185,385067,away,QAT,CAN,BOUALEM KHOUKHI,1,0.0,-1.0,0.0,-1.0,0.0,1.0888888888888888,0,1.0888888888888888,0,0,0,1,0,0.0,0.0,1.0,-1.75,0.0,0.0,3.0,4.0,0.0,0.0,0,0
f1359185,386348,away,QAT,CAN,ASSIM MADIBO,2,0.0,-1.0,0.0,-1.0,0.0,0.8666666666666667,0,0.8666666666666667,0,0,1,0,0,0.0,0.0,1.0,-1.75,0.0,0.0,3.0,4.0,0.0,0.0,0,0
f1359185,429063,away,QAT,CAN,EDMILSON JUNIOR,3,2.045,-1.0,2.045,-1.0,2.045,0.9777777777777777,0,0.9777777777777777,0,1,0,0,0,2.045,0.0,1.0,-1.75,1.022,2.045,3.0,4.0,2.045,2.045,0,0
f1359185,386347,away,QAT,CAN,AKRAM AFIF,3,0.0,-1.0,0.0,-1.0,0.0,1.0888888888888888,0,1.0888888888888888,0,1,0,0,0,0.0,0.0,1.0,-1.75,0.0,0.0,3.0,4.0,0.0,0.0,0,0
f1359185,419463,away,QAT,CAN,YUSUF ABDURISAG,3,0.0,-1.0,0.0,-1.0,0.0,0.6666666666666666,0,0.6666666666666666,0,1,0,0,0,0.0,0.0,1.0,-1.75,0.0,0.0,3.0,4.0,0.0,0.0,0,0
f1359177,485070,home,MEX,KOR,Raul RANGEL,0,0.0,-1.0,-1.0,0.0,0.0,1.0888888888888888,0,0,1.0888888888888888,0,0,0,1,0,0,1.0,0.5,0.0,0.0,4.0,6.0,0.0,0.0,0,0
f1359177,425701,home,MEX,KOR,Johan VASQUEZ,1,0.0,-1.0,-1.0,0.0,0.0,1.0888888888888888,0,0,1.0888888888888888,0,0,1,0,0,0,1.0,0.5,0.0,0.0,4.0,6.0,0.0,0.0,0,0
f1359177,402772,home,MEX,KOR,Jesus GALLARDO,1,0.0,-1.0,-1.0,0.0,1.837,1.0888888888888888,0,0,1.0888888888888888,0,0,1,0,0,0,1.0,0.5,0.0,0.0,4.0,6.0,0.0,1.837,0,0
f1359177,419518,home,MEX,KOR,Erik LIRA,2,0.0,-1.0,-1.0,0.0,0.0,0.8444444444444444,0,0,0.8444444444444444,0,1,0,0,0,0,1.0,0.5,0.0,0.0,4.0,6.0,0.0,0.0,0,0
f1359177,464533,home,MEX,KOR,Brian GUTIERREZ,2,0.0,-1.0,-1.0,0.0,5.455,0.7333333333333333,0,0,0.7333333333333333,0,1,0,0,0,0,1.0,0.5,0.0,0.0,4.0,6.0,0.0,5.455,0,0
f1359177,356731,home,MEX,KOR,Raul JIMENEZ,3,2.368,-1.0,-1.0,2.368,4.737,0.8444444444444444,0,0,0.8444444444444444,1,0,0,0,0,0,1.0,0.5,1.184,2.368,4.0,6.0,2.368,4.737,1,1
f1359177,429157,home,MEX,KOR,Julian QUINONES,3,2.278,-1.0,-1.0,2.278,5.696,0.8777777777777778,0,0,0.8777777777777778,1,0,0,0,0,0,1.0,0.5,1.139,2.278,4.0,6.0,2.278,5.696,1,1
f1359177,403585,home,MEX,KOR,Roberto ALVARADO,3,0.0,-1.0,-1.0,0.0,0.0,1.0888888888888888,0,0,1.0888888888888888,1,0,0,0,0,0,1.0,0.5,0.0,0.0,4.0,6.0,0.0,0.0,0,0
f1359177,274281,away,KOR,MEX,KIM Seunggyu,0,0.0,-1.0,-1.0,0.0,0.0,1.0777777777777777,0,0,1.0777777777777777,0,0,0,1,0,0,0.0,-0.5,0.0,0.0,6.0,4.0,0.0,0.0,0,0
f1359177,423874,away,KOR,MEX,LEE Hanbeom,1,0.0,-1.0,-1.0,0.0,0.928,1.0777777777777777,0,0,1.0777777777777777,0,0,1,0,0,0,0.0,-0.5,0.0,0.0,6.0,4.0,0.0,0.928,0,0
f1359177,395088,away,KOR,MEX,KIM Minjae,1,0.0,-1.0,-1.0,0.0,0.0,1.0777777777777777,0,0,1.0777777777777777,0,0,1,0,0,0,0.0,-0.5,0.0,0.0,6.0,4.0,0.0,0.0,0,0
f1359177,429608,away,KOR,MEX,SEOL Youngwoo,1,0.0,-1.0,-1.0,0.0,0.0,1.0777777777777777,0,0,1.0777777777777777,0,0,1,0,0,0,0.0,-0.5,0.0,0.0,6.0,4.0,0.0,0.0,0,0
f1359177,492315,away,KOR,MEX,LEE Gihyuk,2,0.0,-1.0,-1.0,0.0,0.0,1.0777777777777777,0,0,1.0777777777777777,0,1,0,0,0,0,0.0,-0.5,0.0,0.0,6.0,4.0,0.0,0.0,0,0
f1359177,395084,away,KOR,MEX,HWANG Inbeom,2,2.143,-1.0,-1.0,2.143,3.214,0.9333333333333333,0,0,0.9333333333333333,0,1,0,0,0,0,0.0,-0.5,1.071,1.929,6.0,4.0,2.143,3.214,0,0
f1359177,402817,away,KOR,MEX,PAIK Seungho,2,0.0,-1.0,-1.0,0.0,0.0,0.9333333333333333,0,0,0.9333333333333333,0,1,0,0,0,0,0.0,-0.5,0.0,0.0,6.0,4.0,0.0,0.0,0,0
f1359177,390525,away,KOR,MEX,LEE Jaesung,2,1.452,-1.0,-1.0,1.452,2.903,0.6888888888888889,0,0,0.6888888888888889,0,1,0,0,0,0,0.0,-0.5,0.726,1.307,6.0,4.0,1.452,2.903,0,0
f1359177,418490,away,KOR,MEX,LEE Kangin,2,0.928,-1.0,-1.0,0.928,0.928,1.0777777777777777,0,0,1.0777777777777777,0,1,0,0,0,0,0.0,-0.5,0.464,0.835,6.0,4.0,0.928,0.928,0,0
f1359177,307849,away,KOR,MEX,SON Heungmin,3,1.304,-1.0,-1.0,1.304,7.826,0.7666666666666667,0,0,0.7666666666666667,1,0,0,0,0,0,0.0,-0.5,0.652,1.304,6.0,4.0,1.304,7.826,0,0
f1359191,499913,home,USA,AUS,Matt FREESE,0,0.0,-1.0,-1.0,0.0,0.0,1.1,0,0,1.1,0,0,0,1,0,0,0.0,1.0,0.0,0.0,6.0,4.0,0.0,0.0,0,0
f1359191,406280,home,USA,AUS,Sergino DEST,1,0.0,-1.0,-1.0,0.0,0.0,0.8,0,0,0.8,0,0,1,0,0,0,0.0,1.0,0.0,0.0,6.0,4.0,0.0,0.0,1,1
f1359191,419062,home,USA,AUS,Chris RICHARDS,1,0.0,-1.0,-1.0,0.0,0.909,1.1,0,0,1.1,0,0,1,0,0,0,0.0,1.0,0.0,0.0,6.0,4.0,0.0,0.909,0,0
f1359191,441251,home,USA,AUS,Antonee ROBINSON,1,0.0,-1.0,-1.0,0.0,0.0,1.1,0,0,1.1,0,0,1,0,0,0,0.0,1.0,0.0,0.0,6.0,4.0,0.0,0.0,0,0
f1359191,339510,home,USA,AUS,Tim REAM,1,0.0,-1.0,-1.0,0.0,0.0,1.1,0,0,1.1,0,0,1,0,0,0,0.0,1.0,0.0,0.0,6.0,4.0,0.0,0.0,0,0
f1359191,464542,home,USA,AUS,Alex FREEMAN,1,0.0,-1.0,-1.0,0.0,0.0,1.1,0,0,1.1,0,0,1,0,0,0,0.0,1.0,0.0,0.0,6.0,4.0,0.0,0.0,1,1
f1359191,390238,home,USA,AUS,Tyler ADAMS,2,0.0,-1.0,-1.0,0.0,0.0,1.1,0,0,1.1,0,1,0,0,0,0,0.0,1.0,0.0,0.0,6.0,4.0,0.0,0.0,0,0
f1359191,390259,home,USA,AUS,Weston McKENNIE,2,0.0,-1.0,-1.0,0.0,0.0,1.1,0,0,1.1,0,1,0,0,0,0,0.0,1.0,0.0,0.0,6.0,4.0,0.0,0.0,0,0
f1359191,448214,home,USA,AUS,Malik TILLMAN,2,2.195,-1.0,-1.0,2.195,5.488,0.9111111111111111,0,0,0.9111111111111111,0,1,0,0,0,0,0.0,1.0,1.097,1.975,6.0,4.0,2.195,5.488,0,0
f1359191,466624,home,USA,AUS,Folarin BALOGUN,3,3.75,-1.0,-1.0,3.75,6.25,0.8,0,0,0.8,1,0,0,0,0,0,0.0,1.0,1.875,3.75,6.0,4.0,3.75,6.25,0,0
f1359191,494557,away,AUS,USA,Patrick BEACH,0,0.0,-1.0,0.0,-1.0,0.0,1.0777777777777777,0,1.0777777777777777,0,0,0,0,1,0.0,0.0,1.0,-1.0,0.0,0.0,4.0,6.0,0.0,0.0,0,0
f1359191,448014,away,AUS,USA,Alessandro CIRCATI,1,0.0,-1.0,0.0,-1.0,0.928,1.0777777777777777,0,1.0777777777777777,0,0,0,1,0,0.0,0.0,1.0,-1.0,0.0,0.0,4.0,6.0,0.0,0.928,0,0
f1359191,430450,away,AUS,USA,Jacob ITALIANO,1,0.0,-1.0,0.0,-1.0,1.216,0.8222222222222222,0,0.8222222222222222,0,0,0,1,0,0.0,0.0,1.0,-1.0,0.0,0.0,4.0,6.0,0.0,1.216,0,0
f1359191,423522,away,AUS,USA,Jordan BOS,1,0.0,-1.0,0.0,-1.0,2.169,0.9222222222222223,0,0.9222222222222223,0,0,0,1,0,0.0,0.0,1.0,-1.0,0.0,0.0,4.0,6.0,0.0,2.169,0,0
f1359191,430442,away,AUS,USA,Harry SOUTTAR,1,0.928,-1.0,0.928,-1.0,0.928,1.0777777777777777,0,1.0777777777777777,0,0,0,1,0,0.0,0.928,1.0,-1.0,0.464,0.371,4.0,6.0,0.928,0.928,0,0
f1359191,382312,away,AUS,USA,Cameron BURGESS,1,0.0,-1.0,0.0,-1.0,0.0,1.0777777777777777,0,1.0777777777777777,0,0,0,1,0,0.0,0.0,1.0,-1.0,0.0,0.0,4.0,6.0,0.0,0.0,0,0
f1359191,430440,away,AUS,USA,Aiden ONEILL,2,0.0,-1.0,0.0,-1.0,0.0,1.0777777777777777,0,1.0777777777777777,0,0,1,0,0,0.0,0.0,1.0,-1.0,0.0,0.0,4.0,6.0,0.0,0.0,0,0
f1359191,498421,away,AUS,USA,Paul OKON-ENGSTLER,2,0.0,-1.0,0.0,-1.0,0.0,0.9222222222222223,0,0.9222222222222223,0,0,1,0,0,0.0,0.0,1.0,-1.0,0.0,0.0,4.0,6.0,0.0,0.0,0,0
f1359191,498806,away,AUS,USA,Mohamed TOURE,3,0.0,-1.0,0.0,-1.0,1.216,0.8222222222222222,0,0.8222222222222222,0,1,0,0,0,0.0,0.0,1.0,-1.0,0.0,0.0,4.0,6.0,0.0,1.216,1,1
f1359231,411301,home,SCO,MAR,Angus Gunn,0,0.0,-1.0,-1.0,0.0,0.0,1.1,0,0,1.1,0,0,0,1,0,0,1.0,-0.75,0.0,0.0,2.0,3.0,0.0,0.0,0,0
f1359231,401339,home,SCO,MAR,Andy ROBERTSON,1,0.0,-1.0,-1.0,0.0,0.0,1.1,0,0,1.1,0,0,1,0,0,0,1.0,-0.75,0.0,0.0,2.0,3.0,0.0,0.0,0,0
f1359231,359634,home,SCO,MAR,Grant Hanley,1,0.0,-1.0,-1.0,0.0,0.0,1.1,0,0,1.1,0,0,1,0,0,0,1.0,-0.75,0.0,0.0,2.0,3.0,0.0,0.0,0,0
f1359231,430147,home,SCO,MAR,Jack Hendry,1,0.0,-1.0,-1.0,0.0,0.0,1.1,0,0,1.1,0,0,1,0,0,0,1.0,-0.75,0.0,0.0,2.0,3.0,0.0,0.0,0,0
f1359231,433787,home,SCO,MAR,Scott McTominay,2,0.0,-1.0,-1.0,0.0,1.818,1.1,0,0,1.1,0,1,0,0,0,0,1.0,-0.75,0.0,0.0,2.0,3.0,0.0,1.818,0,0
f1359231,401334,home,SCO,MAR,John McGinn,2,1.098,-1.0,-1.0,1.098,2.195,0.9111111111111111,0,0,0.9111111111111111,0,1,0,0,0,0,1.0,-0.75,0.549,0.988,2.0,3.0,1.098,2.195,0,0
f1359231,442434,home,SCO,MAR,Lewis FERGUSON,2,0.0,-1.0,-1.0,0.0,0.0,1.1,0,0,1.1,0,1,0,0,0,0,1.0,-0.75,0.0,0.0,2.0,3.0,0.0,0.0,0,0
f1359231,433191,home,SCO,MAR,Che Adams,3,1.2,-1.0,-1.0,1.2,1.2,0.8333333333333334,0,0,0.8333333333333334,1,0,0,0,0,0,1.0,-0.75,0.6,1.2,2.0,3.0,1.2,1.2,0,0
f1359231,356956,away,MAR,SCO,Yassine BOUNOU,0,0.0,-1.0,0.0,-1.0,0.0,1.1222222222222222,0,1.1222222222222222,0,0,0,0,1,0.0,0.0,0.0,0.75,0.0,0.0,3.0,2.0,0.0,0.0,0,0
f1359231,400721,away,MAR,SCO,Achraf HAKIMI,1,0.0,-1.0,0.0,-1.0,2.673,1.1222222222222222,0,1.1222222222222222,0,0,0,1,0,0.0,0.0,0.0,0.75,0.0,0.0,3.0,2.0,0.0,2.673,0,0
f1359231,411680,away,MAR,SCO,Noussair MAZRAOUI,1,0.0,-1.0,0.0,-1.0,0.0,0.8888888888888888,0,0.8888888888888888,0,0,0,1,0,0.0,0.0,0.0,0.75,0.0,0.0,3.0,2.0,0.0,0.0,0,0
f1359231,403083,away,MAR,SCO,Issa Diop,1,0.0,-1.0,0.0,-1.0,0.0,1.1222222222222222,0,1.1222222222222222,0,0,0,1,0,0.0,0.0,0.0,0.75,0.0,0.0,3.0,2.0,0.0,0.0,0,0
f1359231,448607,away,MAR,SCO,Chadi RIAD,1,0.0,-1.0,0.0,-1.0,0.0,1.1222222222222222,0,1.1222222222222222,0,0,0,1,0,0.0,0.0,0.0,0.75,0.0,0.0,3.0,2.0,0.0,0.0,0,0
f1359231,485760,away,MAR,SCO,Ayyoub BOUADDI,2,0.0,-1.0,0.0,-1.0,0.0,1.1222222222222222,0,1.1222222222222222,0,0,1,0,0,0.0,0.0,0.0,0.75,0.0,0.0,3.0,2.0,0.0,0.0,0,0
f1359231,441307,away,MAR,SCO,Azzedine OUNAHI,2,0.0,-1.0,0.0,-1.0,0.0,0.7111111111111111,0,0.7111111111111111,0,0,1,0,0,0.0,0.0,0.0,0.75,0.0,0.0,3.0,2.0,0.0,0.0,0,0
f1359231,448598,away,MAR,SCO,Ismael SAIBARI,2,1.011,-1.0,1.011,-1.0,3.034,0.9888888888888889,0,0.9888888888888889,0,0,1,0,0,0.0,0.0,0.0,0.75,0.505,0.91,3.0,2.0,1.011,3.034,1,1
f1359231,448612,away,MAR,SCO,Bilal EL KHANNOUSS,2,0.0,-1.0,0.0,-1.0,1.125,0.8888888888888888,0,0.8888888888888888,0,0,1,0,0,0.0,0.0,0.0,0.75,0.0,0.0,3.0,2.0,0.0,1.125,1,1
f1359231,485740,away,MAR,SCO,Neil EL AYNAOUI,2,0.0,-1.0,0.0,-1.0,2.673,1.1222222222222222,0,1.1222222222222222,0,0,1,0,0,0.0,0.0,0.0,0.75,0.0,0.0,3.0,2.0,0.0,2.673,0,0
f1359231,430740,away,MAR,SCO,Brahim DIAZ,3,1.406,-1.0,1.406,-1.0,4.219,0.7111111111111111,0,0.7111111111111111,0,1,0,0,0,1.406,0.0,0.0,0.75,0.703,1.406,3.0,2.0,1.406,4.219,0,0
f1359198,308370,home,BRA,HAI,ALISSON,0,0.0,-1.0,-1.0,0.0,0.0,1.1222222222222222,0,0,1.1222222222222222,0,0,0,1,0,0,1.0,2.5,0.0,0.0,5.0,2.0,0.0,0.0,0,0
f1359198,430601,home,BRA,HAI,GABRIEL MAGALHAES,1,0.0,-1.0,-1.0,0.0,0.0,1.1222222222222222,0,0,1.1222222222222222,0,0,1,0,0,0,1.0,2.5,0.0,0.0,5.0,2.0,0.0,0.0,0,0
f1359198,332946,home,BRA,HAI,MARQUINHOS,1,0.0,-1.0,-1.0,0.0,1.782,1.1222222222222222,0,0,1.1222222222222222,0,0,1,0,0,0,1.0,2.5,0.0,0.0,5.0,2.0,0.0,1.782,0,0
f1359198,335656,home,BRA,HAI,DANILO,1,0.0,-1.0,-1.0,0.0,0.0,1.1222222222222222,0,0,1.1222222222222222,0,0,1,0,0,0,1.0,2.5,0.0,0.0,5.0,2.0,0.0,0.0,0,0
f1359198,367981,home,BRA,HAI,DOUGLAS SANTOS,1,0.0,-1.0,-1.0,0.0,0.0,1.1222222222222222,0,0,1.1222222222222222,0,0,1,0,0,0,1.0,2.5,0.0,0.0,5.0,2.0,0.0,0.0,0,0
f1359198,430605,home,BRA,HAI,BRUNO GUIMARAES,2,0.0,-1.0,-1.0,0.0,1.125,0.8888888888888888,0,0,0.8888888888888888,0,1,0,0,0,0,1.0,2.5,0.0,0.0,5.0,2.0,0.0,1.125,0,0
f1359198,411726,home,BRA,HAI,LUCAS PAQUETA,2,1.475,-1.0,-1.0,1.475,2.951,0.6777777777777778,0,0,0.6777777777777778,0,1,0,0,0,0,1.0,2.5,0.738,1.328,5.0,2.0,1.475,2.951,0,0
f1359198,405742,home,BRA,HAI,VINICIUS JUNIOR,3,0.891,-1.0,-1.0,0.891,0.891,1.1222222222222222,0,0,1.1222222222222222,1,0,0,0,0,0,1.0,2.5,0.446,0.891,5.0,2.0,0.891,0.891,2,1
f1359198,433872,home,BRA,HAI,RAPHINHA,3,0.891,-1.0,-1.0,0.891,1.782,1.1222222222222222,0,0,1.1222222222222222,1,0,0,0,0,0,1.0,2.5,0.446,0.891,5.0,2.0,0.891,1.782,1,1
f1359198,295922,away,HAI,BRA,Johny Placide,0,0.0,-1.0,0.0,-1.0,0.0,1.1,0,1.1,0,0,0,0,1,0.0,0.0,1.0,-2.5,0.0,0.0,2.0,5.0,0.0,0.0,0,0
f1359198,397775,away,HAI,BRA,Carlens ARCUS,1,0.0,-1.0,0.0,-1.0,0.0,1.1,0,1.1,0,0,0,1,0,0.0,0.0,1.0,-2.5,0.0,0.0,2.0,5.0,0.0,0.0,0,0
f1359198,275917,away,HAI,BRA,Ricardo Ade,1,0.0,-1.0,0.0,-1.0,0.909,1.1,0,1.1,0,0,0,1,0,0.0,0.0,1.0,-2.5,0.0,0.0,2.0,5.0,0.0,0.909,1,1
f1359198,448363,away,HAI,BRA,Hannes DELCROIX,1,0.0,-1.0,0.0,-1.0,0.0,1.1,0,1.1,0,0,0,1,0,0.0,0.0,1.0,-2.5,0.0,0.0,2.0,5.0,0.0,0.0,0,0
f1359198,489300,away,HAI,BRA,Martin EXPERIENCE,1,0.0,-1.0,0.0,-1.0,0.909,1.1,0,1.1,0,0,0,1,0,0.0,0.0,1.0,-2.5,0.0,0.0,2.0,5.0,0.0,0.909,0,0
f1359198,430697,away,HAI,BRA,Jean-Ricner Bellegarde,2,0.0,-1.0,0.0,-1.0,2.727,1.1,0,1.1,0,0,1,0,0,0.0,0.0,1.0,-2.5,0.0,0.0,2.0,5.0,0.0,2.727,0,0
f1359198,466838,away,HAI,BRA,Danley JEAN JACQUES,2,0.0,-1.0,0.0,-1.0,0.0,1.1,0,1.1,0,0,1,0,0,0.0,0.0,1.0,-2.5,0.0,0.0,2.0,5.0,0.0,0.0,0,0
f1359198,485664,away,HAI,BRA,Ruben PROVIDENCE,3,1.059,-1.0,1.059,-1.0,3.176,0.9444444444444444,0,0.9444444444444444,0,1,0,0,0,1.059,0.0,1.0,-2.5,0.529,1.059,2.0,5.0,1.059,3.176,0,0
f1359198,431693,away,HAI,BRA,Frantzdy Pierrot,3,0.909,-1.0,0.909,-1.0,2.727,1.1,0,1.1,0,1,0,0,0,0.909,0.0,1.0,-2.5,0.455,0.909,2.0,5.0,0.909,2.727,0,0
f1359234,441181,home,TUR,PAR,Ugurcan CAKIR,0,0.0,-1.0,-1.0,0.0,0.0,1.0777777777777777,0,0,1.0777777777777777,0,0,0,1,0,0,4.0,0.5,0.0,0.0,7.0,1.0,0.0,0.0,0,0
f1359234,441179,home,TUR,PAR,Merih DEMIRAL,1,0.0,-1.0,-1.0,0.0,0.928,1.0777777777777777,0,0,1.0777777777777777,0,0,1,0,0,0,4.0,0.5,0.0,0.0,7.0,1.0,0.0,0.928,2,1
f1359234,484082,home,TUR,PAR,Abdulkerim BARDAKCI,1,0.0,-1.0,-1.0,0.0,0.928,1.0777777777777777,0,0,1.0777777777777777,0,0,1,0,0,0,4.0,0.5,0.0,0.0,7.0,1.0,0.0,0.928,0,0
f1359234,484113,home,TUR,PAR,Ferdi KADIOGLU,1,0.0,-1.0,-1.0,0.0,0.928,1.0777777777777777,0,0,1.0777777777777777,0,0,1,0,0,0,4.0,0.5,0.0,0.0,7.0,1.0,0.0,0.928,0,0
f1359234,369304,home,TUR,PAR,Hakan CALHANOGLU,2,1.856,-1.0,-1.0,1.856,4.639,1.0777777777777777,0,0,1.0777777777777777,0,1,0,0,0,0,4.0,0.5,0.928,1.67,7.0,1.0,1.856,4.639,0,0
f1359234,484092,home,TUR,PAR,Ismail YUKSEK,2,0.0,-1.0,-1.0,0.0,3.375,0.8888888888888888,0,0,0.8888888888888888,0,1,0,0,0,0,4.0,0.5,0.0,0.0,7.0,1.0,0.0,3.375,0,0
f1359234,441188,home,TUR,PAR,Kerem AKTURKOGLU,3,1.059,-1.0,-1.0,1.059,3.176,0.9444444444444444,0,0,0.9444444444444444,1,0,0,0,0,0,4.0,0.5,0.529,1.059,7.0,1.0,1.059,3.176,0,0
f1359234,484087,home,TUR,PAR,Arda GULER,3,2.784,-1.0,-1.0,2.784,7.423,1.0777777777777777,0,0,1.0777777777777777,1,0,0,0,0,0,4.0,0.5,1.392,2.784,7.0,1.0,2.784,7.423,0,0
f1359234,484112,home,TUR,PAR,Kenan YILDIZ,3,0.0,-1.0,-1.0,0.0,5.567,1.0777777777777777,0,0,1.0777777777777777,1,0,0,0,0,0,4.0,0.5,0.0,0.0,7.0,1.0,0.0,5.567,1,1
f1359234,494531,away,PAR,TUR,Orlando GILL,0,0.0,-1.0,0.0,-1.0,0.0,1.1,0,1.1,0,0,0,0,1,0.0,0.0,2.0,-0.5,0.0,0.0,1.0,7.0,0.0,0.0,0,0
f1359234,431202,away,PAR,TUR,Omar ALDERETE,1,0.0,-1.0,0.0,-1.0,0.0,1.1,0,1.1,0,0,0,1,0,0.0,0.0,2.0,-0.5,0.0,0.0,1.0,7.0,0.0,0.0,0,0
f1359234,479601,away,PAR,TUR,Juan Jose CACERES,1,0.0,-1.0,0.0,-1.0,0.0,0.8777777777777778,0,0.8777777777777778,0,0,0,1,0,0.0,0.0,2.0,-0.5,0.0,0.0,1.0,7.0,0.0,0.0,1,1
f1359234,369749,away,PAR,TUR,Junior ALONSO,1,0.0,-1.0,0.0,-1.0,0.0,1.1,0,1.1,0,0,0,1,0,0.0,0.0,2.0,-0.5,0.0,0.0,1.0,7.0,0.0,0.0,0,0
f1359234,369744,away,PAR,TUR,Gustavo GOMEZ,1,0.0,-1.0,0.0,-1.0,0.0,1.1,0,1.1,0,0,0,1,0,0.0,0.0,2.0,-0.5,0.0,0.0,1.0,7.0,0.0,0.0,0,0
f1359234,463128,away,PAR,TUR,Diego GOMEZ,2,0.0,-1.0,0.0,-1.0,4.557,0.8777777777777778,0,0.8777777777777778,0,0,1,0,0,0.0,0.0,2.0,-0.5,0.0,0.0,1.0,7.0,0.0,4.557,0,0
f1359234,369761,away,PAR,TUR,Miguel ALMIRON,2,0.0,-1.0,0.0,-1.0,2.278,0.8777777777777778,0,0.8777777777777778,0,0,1,0,0,0.0,0.0,2.0,-0.5,0.0,0.0,1.0,7.0,0.0,2.278,0,0
f1359234,385306,away,PAR,TUR,Andres CUBAS,2,0.0,-1.0,0.0,-1.0,0.0,1.1,0,1.1,0,0,1,0,0,0.0,0.0,2.0,-0.5,0.0,0.0,1.0,7.0,0.0,0.0,0,0
f1359234,441234,away,PAR,TUR,Julio ENCISO,3,0.0,-1.0,0.0,-1.0,1.818,1.1,0,1.1,0,1,0,0,0,0.0,0.0,2.0,-0.5,0.0,0.0,1.0,7.0,0.0,1.818,0,0
f1359204,424081,home,NED,SWE,Bart Verbruggen,0,0.0,-1.0,-1.0,0.0,0.0,1.0777777777777777,0,0,1.0777777777777777,0,0,0,1,0,0,1.0,0.75,0.0,0.0,6.0,7.0,0.0,0.0,0,0
f1359204,397786,home,NED,SWE,Virgil VAN DIJK,1,0.928,-1.0,-1.0,0.928,0.928,1.0777777777777777,0,0,1.0777777777777777,0,0,1,0,0,0,1.0,0.75,0.464,0.371,6.0,7.0,0.928,0.928,0,0
f1359204,489517,home,NED,SWE,Jan Paul VAN HECKE,1,0.928,-1.0,-1.0,0.928,0.928,1.0777777777777777,0,0,1.0777777777777777,0,0,1,0,0,0,1.0,0.75,0.464,0.371,6.0,7.0,0.928,0.928,0,0
f1359204,448140,home,NED,SWE,Micky VAN DE VEN,1,0.0,-1.0,-1.0,0.0,0.928,1.0777777777777777,0,0,1.0777777777777777,0,0,1,0,0,0,1.0,0.75,0.0,0.0,6.0,7.0,0.0,0.928,0,0
f1359204,436612,home,NED,SWE,Denzel DUMFRIES,1,0.0,-1.0,-1.0,0.0,0.0,1.0777777777777777,0,0,1.0777777777777777,0,0,1,0,0,0,1.0,0.75,0.0,0.0,6.0,7.0,0.0,0.0,0,0
f1359204,430176,home,NED,SWE,Ryan GRAVENBERCH,2,0.0,-1.0,-1.0,0.0,0.0,0.9,0,0,0.9,0,1,0,0,0,0,1.0,0.75,0.0,0.0,6.0,7.0,0.0,0.0,0,0
f1359204,483526,home,NED,SWE,Tijjani REIJNDERS,2,0.0,-1.0,-1.0,0.0,0.0,0.7777777777777778,0,0,0.7777777777777778,0,1,0,0,0,0,1.0,0.75,0.0,0.0,6.0,7.0,0.0,0.0,0,0
f1359204,422657,home,NED,SWE,Frenkie DE JONG,2,0.0,-1.0,-1.0,0.0,0.0,1.0777777777777777,0,0,1.0777777777777777,0,1,0,0,0,0,1.0,0.75,0.0,0.0,6.0,7.0,0.0,0.0,0,0
f1359204,448152,home,NED,SWE,Cody GAKPO,3,1.071,-1.0,-1.0,1.071,2.143,0.9333333333333333,0,0,0.9333333333333333,1,0,0,0,0,0,1.0,0.75,0.535,1.071,6.0,7.0,1.071,2.143,4,1
f1359204,433066,home,NED,SWE,Donyell Malen,3,2.571,-1.0,-1.0,2.571,2.571,0.7777777777777778,0,0,0.7777777777777778,1,0,0,0,0,0,1.0,0.75,1.286,2.571,6.0,7.0,2.571,2.571,0,0
f1359204,360496,away,SWE,NED,Kristoffer NORDFELDT,0,0.0,-1.0,-1.0,0.0,0.0,1.0777777777777777,0,0,1.0777777777777777,0,0,0,1,0,0,2.0,-0.75,0.0,0.0,7.0,6.0,0.0,0.0,0,0
f1359204,483304,away,SWE,NED,Gustaf LAGERBIELKE,1,0.0,-1.0,-1.0,0.0,0.0,1.0777777777777777,0,0,1.0777777777777777,0,0,1,0,0,0,2.0,-0.75,0.0,0.0,7.0,6.0,0.0,0.0,1,1
f1359204,395283,away,SWE,NED,Victor LINDELOF,1,0.0,-1.0,-1.0,0.0,0.928,1.0777777777777777,0,0,1.0777777777777777,0,0,1,0,0,0,2.0,-0.75,0.0,0.0,7.0,6.0,0.0,0.928,0,0
f1359204,483312,away,SWE,NED,Isak HIEN,1,0.0,-1.0,-1.0,0.0,0.0,1.0777777777777777,0,0,1.0777777777777777,0,0,1,0,0,0,2.0,-0.75,0.0,0.0,7.0,6.0,0.0,0.0,0,0
f1359204,483276,away,SWE,NED,Gabriel GUDMUNDSSON,1,0.0,-1.0,-1.0,0.0,0.0,0.7111111111111111,0,0,0.7111111111111111,0,0,1,0,0,0,2.0,-0.75,0.0,0.0,7.0,6.0,0.0,0.0,0,0
f1359204,502945,away,SWE,NED,Alexander BERNHARDSSON,1,0.0,-1.0,-1.0,0.0,0.0,1.0,0,0,1.0,0,0,1,0,0,0,2.0,-0.75,0.0,0.0,7.0,6.0,0.0,0.0,0,0
f1359204,502946,away,SWE,NED,Benjamin NYGREN,2,0.0,-1.0,-1.0,0.0,0.0,0.7111111111111111,0,0,0.7111111111111111,0,1,0,0,0,0,2.0,-0.75,0.0,0.0,7.0,6.0,0.0,0.0,0,0
f1359204,441135,away,SWE,NED,Jesper KARLSTROM,2,0.0,-1.0,-1.0,0.0,0.0,0.9333333333333333,0,0,0.9333333333333333,0,1,0,0,0,0,2.0,-0.75,0.0,0.0,7.0,6.0,0.0,0.0,0,0
f1359204,489688,away,SWE,NED,Yasin AYARI,2,1.856,-1.0,-1.0,1.856,1.856,1.0777777777777777,0,0,1.0777777777777777,0,1,0,0,0,0,2.0,-0.75,0.928,1.67,7.0,6.0,1.856,1.856,1,1
f1359204,430150,away,SWE,NED,Alexander Isak,3,2.0,-1.0,-1.0,2.0,3.0,1.0,0,0,1.0,1,0,0,0,0,0,2.0,-0.75,1.0,2.0,7.0,6.0,2.0,3.0,1,1
f1359204,483327,away,SWE,NED,Viktor GYOKERES,3,1.856,-1.0,-1.0,1.856,4.639,1.0777777777777777,0,0,1.0777777777777777,1,0,0,0,0,0,2.0,-0.75,0.928,1.856,7.0,6.0,1.856,4.639,3,1
f1359201,228912,home,GER,CIV,Manuel NEUER,0,0.0,0.0,-1.0,-1.0,0.0,1.0666666666666667,1.0666666666666667,0,0,0,0,0,1,0,0,0.0,1.25,0.0,0.0,12.0,4.0,-1.0,0,0,0
f1359201,401378,home,GER,CIV,Jonathan TAH,1,0.0,0.0,-1.0,-1.0,0.0,0.8,0.8,0,0,0,0,1,0,0,0,0.0,1.25,0.0,0.0,12.0,4.0,-1.0,0,0,0
f1359201,386413,home,GER,CIV,Joshua KIMMICH,1,0.0,0.0,-1.0,-1.0,0.0,0.9222222222222223,0.9222222222222223,0,0,0,0,1,0,0,0,0.0,1.25,0.0,0.0,12.0,4.0,-1.0,0,0,0
f1359201,430667,home,GER,CIV,Nico SCHLOTTERBECK,1,1.875,1.875,-1.0,-1.0,1.875,1.0666666666666667,1.0666666666666667,0,0,0,0,1,0,0,0,0.0,1.25,0.938,0.75,12.0,4.0,-1.0,0,0,0
f1359201,511015,home,GER,CIV,Nathaniel BROWN,1,1.25,1.25,-1.0,-1.0,2.5,0.8,0.8,0,0,0,0,1,0,0,0,0.0,1.25,0.625,0.5,12.0,4.0,-1.0,0,1,1
f1359201,484849,home,GER,CIV,Aleksandar PAVLOVIC,2,0.938,0.938,-1.0,-1.0,2.812,1.0666666666666667,1.0666666666666667,0,0,0,1,0,0,0,0,0.0,1.25,0.469,0.844,12.0,4.0,-1.0,0,0,0
f1359201,429642,home,GER,CIV,Jamal MUSIALA,2,1.406,1.406,-1.0,-1.0,4.219,0.7111111111111111,0.7111111111111111,0,0,0,1,0,0,0,0,0.0,1.25,0.703,1.265,12.0,4.0,-1.0,0,0,0
f1359201,430669,home,GER,CIV,Florian WIRTZ,2,0.0,0.0,-1.0,-1.0,2.812,1.0666666666666667,1.0666666666666667,0,0,0,1,0,0,0,0,0.0,1.25,0.0,0.0,12.0,4.0,-1.0,0,1,1
f1359201,404353,home,GER,CIV,Leroy SANE,2,0.0,0.0,-1.0,-1.0,2.812,1.0666666666666667,1.0666666666666667,0,0,0,1,0,0,0,0,0.0,1.25,0.0,0.0,12.0,4.0,-1.0,0,0,0
f1359201,492363,home,GER,CIV,Felix NMECHA,2,3.75,3.75,-1.0,-1.0,5.0,0.8,0.8,0,0,0,1,0,0,0,0,0.0,1.25,1.875,3.375,12.0,4.0,-1.0,0,0,0
f1359201,411367,home,GER,CIV,Kai HAVERTZ,3,1.875,1.875,-1.0,-1.0,3.75,1.0666666666666667,1.0666666666666667,0,0,1,0,0,0,0,0,0.0,1.25,0.938,1.875,12.0,4.0,-1.0,0,1,1
f1359201,405873,away,CIV,GER,Yahia Fofana,0,0.0,-1.0,-1.0,0.0,0.0,1.1,0,0,1.1,0,0,0,1,0,0,1.0,-1.25,0.0,0.0,4.0,12.0,0.0,0.0,0,0
f1359201,407343,away,CIV,GER,Ghislain KONAN,1,0.0,-1.0,-1.0,0.0,0.909,1.1,0,0,1.1,0,0,1,0,0,0,1.0,-1.25,0.0,0.0,4.0,12.0,0.0,0.909,0,0
f1359201,430854,away,CIV,GER,Wilfried SINGO,1,0.0,-1.0,-1.0,0.0,0.909,1.1,0,0,1.1,0,0,1,0,0,0,1.0,-1.25,0.0,0.0,4.0,12.0,0.0,0.909,0,0
f1359201,486268,away,CIV,GER,Emmanuel AGBADOU,1,0.0,-1.0,-1.0,0.0,0.0,1.1,0,0,1.1,0,0,1,0,0,0,1.0,-1.25,0.0,0.0,4.0,12.0,0.0,0.0,0,0
f1359201,371609,away,CIV,GER,Franck KESSIE,2,0.0,-1.0,-1.0,0.0,0.0,1.1,0,0,1.1,0,1,0,0,0,0,1.0,-1.25,0.0,0.0,4.0,12.0,0.0,0.0,1,1
f1359201,510922,away,CIV,GER,Yan DIOMANDE,3,0.0,-1.0,-1.0,0.0,1.818,1.1,0,0,1.1,1,0,0,0,0,0,1.0,-1.25,0.0,0.0,4.0,12.0,0.0,1.818,0,0
f1359237,441236,home,ECU,CUW,Hernan GALINDEZ,0,0.0,-1.0,-1.0,0.0,0.0,1.1,0,0,1.1,0,0,0,1,0,0,7.0,2.25,0.0,0.0,1.0,2.0,0.0,0.0,0,0
f1359237,424031,home,ECU,CUW,Piero HINCAPIE,1,0.0,-1.0,-1.0,0.0,0.909,1.1,0,0,1.1,0,0,1,0,0,0,7.0,2.25,0.0,0.0,1.0,2.0,0.0,0.909,0,0
f1359237,448290,home,ECU,CUW,Willian PACHO,1,0.0,-1.0,-1.0,0.0,0.0,1.1,0,0,1.1,0,0,1,0,0,0,7.0,2.25,0.0,0.0,1.0,2.0,0.0,0.0,1,1
f1359237,424036,home,ECU,CUW,Pedro VITE,2,0.0,-1.0,-1.0,0.0,0.909,1.1,0,0,1.1,0,1,0,0,0,0,7.0,2.25,0.0,0.0,1.0,2.0,0.0,0.909,1,1
f1359237,389784,home,ECU,CUW,Alan FRANCO,2,0.0,-1.0,-1.0,0.0,0.0,0.6888888888888889,0,0,0.6888888888888889,0,1,0,0,0,0,7.0,2.25,0.0,0.0,1.0,2.0,0.0,0.0,0,0
f1359237,428885,home,ECU,CUW,Moises CAICEDO,2,0.0,-1.0,-1.0,0.0,0.909,1.1,0,0,1.1,0,1,0,0,0,0,7.0,2.25,0.0,0.0,1.0,2.0,0.0,0.909,1,1
f1359237,405920,home,ECU,CUW,John YEBOAH,3,0.0,-1.0,-1.0,0.0,4.355,0.6888888888888889,0,0,0.6888888888888889,1,0,0,0,0,0,7.0,2.25,0.0,0.0,1.0,2.0,0.0,4.355,2,1
f1359237,373400,home,ECU,CUW,Enner VALENCIA,3,0.0,-1.0,-1.0,0.0,1.169,0.8555555555555555,0,0,0.8555555555555555,1,0,0,0,0,0,7.0,2.25,0.0,0.0,1.0,2.0,0.0,1.169,5,1
f1359237,419020,home,ECU,CUW,Gonzalo PLATA,3,0.909,-1.0,-1.0,0.909,0.909,1.1,0,0,1.1,1,0,0,0,0,0,7.0,2.25,0.455,0.909,1.0,2.0,0.909,0.909,3,1
f1359237,390650,away,CUW,ECU,Eloy ROOM,0,0.0,-1.0,0.0,-1.0,0.0,1.0666666666666667,0,1.0666666666666667,0,0,0,0,1,0.0,0.0,1.0,-2.25,0.0,0.0,2.0,1.0,0.0,0.0,0,0
f1359237,466350,away,CUW,ECU,Sherel FLORANUS,1,0.0,-1.0,0.0,-1.0,0.0,1.0666666666666667,0,1.0666666666666667,0,0,0,1,0,0.0,0.0,1.0,-2.25,0.0,0.0,2.0,1.0,0.0,0.0,0,0
f1359237,511141,away,CUW,ECU,Armando OBISPO,1,0.0,-1.0,0.0,-1.0,0.0,1.0666666666666667,0,1.0666666666666667,0,0,0,1,0,0.0,0.0,1.0,-2.25,0.0,0.0,2.0,1.0,0.0,0.0,0,0
f1359237,506471,away,CUW,ECU,Deveron FONVILLE,1,0.0,-1.0,0.0,-1.0,0.0,1.0666666666666667,0,1.0666666666666667,0,0,0,1,0,0.0,0.0,1.0,-2.25,0.0,0.0,2.0,1.0,0.0,0.0,0,0
f1359237,466317,away,CUW,ECU,Juninho BACUNA,2,0.0,-1.0,0.0,-1.0,0.938,1.0666666666666667,0,1.0666666666666667,0,0,1,0,0,0.0,0.0,1.0,-2.25,0.0,0.0,2.0,1.0,0.0,0.938,1,1
f1359237,494989,away,CUW,ECU,Livano COMENENCIA,2,0.938,-1.0,0.938,-1.0,1.875,1.0666666666666667,0,1.0666666666666667,0,0,1,0,0,0.0,0.0,1.0,-2.25,0.469,0.844,2.0,1.0,0.938,1.875,1,1
f1359237,466340,away,CUW,ECU,Leandro BACUNA,2,0.0,-1.0,0.0,-1.0,1.875,1.0666666666666667,0,1.0666666666666667,0,0,1,0,0,0.0,0.0,1.0,-2.25,0.0,0.0,2.0,1.0,0.0,1.875,1,1
f1359237,485347,away,CUW,ECU,Tahith CHONG,2,0.0,-1.0,0.0,-1.0,1.098,0.9111111111111111,0,0.9111111111111111,0,0,1,0,0,0.0,0.0,1.0,-2.25,0.0,0.0,2.0,1.0,0.0,1.098,0,0
f1359237,407680,away,CUW,ECU,Juergen LOCADIA,3,0.0,-1.0,0.0,-1.0,0.0,0.7222222222222222,0,0.7222222222222222,0,1,0,0,0,0.0,0.0,1.0,-2.25,0.0,0.0,2.0,1.0,0.0,0.0,0,0
f1359240,433362,home,TUN,JPN,Ali ABDI,1,0.0,-1.0,0.0,-1.0,0.0,1.0777777777777777,0,1.0777777777777777,0,0,0,1,0,0.0,0.0,2.0,-1.25,0.0,0.0,2.0,2.0,0.0,0.0,0,0
f1359240,433380,home,TUN,JPN,Montassar TALBI,1,0.0,-1.0,0.0,-1.0,0.928,1.0777777777777777,0,1.0777777777777777,0,0,0,1,0,0.0,0.0,2.0,-1.25,0.0,0.0,2.0,2.0,0.0,0.928,0,0
f1359240,433367,home,TUN,JPN,Omar Rekik,1,0.928,-1.0,0.928,-1.0,0.928,1.0777777777777777,0,1.0777777777777777,0,0,0,1,0,0.0,0.928,2.0,-1.25,0.464,0.371,2.0,2.0,0.928,0.928,0,0
f1359240,419189,home,TUN,JPN,Yan Valery,1,0.0,-1.0,0.0,-1.0,0.0,0.8,0,0.8,0,0,0,1,0,0.0,0.0,2.0,-1.25,0.0,0.0,2.0,2.0,0.0,0.0,0,0
f1359240,433378,home,TUN,JPN,Hannibal MEJBRI,2,0.0,-1.0,0.0,-1.0,0.928,1.0777777777777777,0,1.0777777777777777,0,0,1,0,0,0.0,0.0,2.0,-1.25,0.0,0.0,2.0,2.0,0.0,0.928,0,0
f1359240,411658,home,TUN,JPN,Ellyes SKHIRI,2,0.0,-1.0,0.0,-1.0,0.0,0.8,0,0.8,0,0,1,0,0,0.0,0.0,2.0,-1.25,0.0,0.0,2.0,2.0,0.0,0.0,0,0
f1359240,433361,home,TUN,JPN,Anis SLIMANE,2,0.0,-1.0,0.0,-1.0,0.0,0.9333333333333333,0,0.9333333333333333,0,0,1,0,0,0.0,0.0,2.0,-1.25,0.0,0.0,2.0,2.0,0.0,0.0,0,0
f1359240,482885,home,TUN,JPN,Elias SAAD,3,0.0,-1.0,0.0,-1.0,1.25,0.8,0,0.8,0,1,0,0,0,0.0,0.0,2.0,-1.25,0.0,0.0,2.0,2.0,0.0,1.25,0,0
f1359240,405530,away,JPN,TUN,Zion Suzuki,0,0.0,-1.0,0.0,-1.0,0.0,1.0777777777777777,0,1.0777777777777777,0,0,0,0,1,0.0,0.0,5.0,1.25,0.0,0.0,2.0,2.0,0.0,0.0,0,0
f1359240,403274,away,JPN,TUN,Hiroki ITO,1,0.0,-1.0,0.0,-1.0,0.928,1.0777777777777777,0,1.0777777777777777,0,0,0,1,0,0.0,0.0,5.0,1.25,0.0,0.0,2.0,2.0,0.0,0.928,0,0
f1359240,391646,away,JPN,TUN,Ritsu DOAN,2,0.0,-1.0,0.0,-1.0,0.0,0.8333333333333334,0,0.8333333333333334,0,0,1,0,0,0.0,0.0,5.0,1.25,0.0,0.0,2.0,2.0,0.0,0.0,0,0
f1359240,405522,away,JPN,TUN,Keito Nakamura,2,0.928,-1.0,0.928,-1.0,2.784,1.0777777777777777,0,1.0777777777777777,0,0,1,0,0,0.0,0.0,5.0,1.25,0.464,0.835,2.0,2.0,0.928,2.784,0,0
f1359240,448557,away,JPN,TUN,Daichi KAMADA,2,0.0,-1.0,0.0,-1.0,0.0,1.0777777777777777,0,1.0777777777777777,0,0,1,0,0,0.0,0.0,5.0,1.25,0.0,0.0,2.0,2.0,0.0,0.0,0,0
f1359240,479294,away,JPN,TUN,Kaishu SANO,2,0.0,-1.0,0.0,-1.0,0.0,1.0777777777777777,0,1.0777777777777777,0,0,1,0,0,0.0,0.0,5.0,1.25,0.0,0.0,2.0,2.0,0.0,0.0,0,0
f1359240,430413,away,JPN,TUN,Ayase UEDA,3,0.0,-1.0,0.0,-1.0,1.071,0.9333333333333333,0,0.9333333333333333,0,1,0,0,0,0.0,0.0,5.0,1.25,0.0,0.0,2.0,2.0,0.0,1.071,3,1
f1359210,430753,home,ESP,KSA,Unai SIMON,0,0.0,0.0,-1.0,-1.0,0.0,1.0666666666666667,1.0666666666666667,0,0,0,0,0,1,0,0,1.0,2.75,0.0,0.0,7.0,3.0,-1.0,0,0,0
f1359210,335999,home,ESP,KSA,Aymeric LAPORTE,1,0.938,0.938,-1.0,-1.0,1.875,1.0666666666666667,1.0666666666666667,0,0,0,0,1,0,0,0,1.0,2.75,0.469,0.375,7.0,3.0,-1.0,0,0,0
f1359210,474973,home,ESP,KSA,Pau CUBARSI,1,0.0,0.0,-1.0,-1.0,0.938,1.0666666666666667,1.0666666666666667,0,0,0,0,1,0,0,0,1.0,2.75,0.0,0.0,7.0,3.0,-1.0,0,0,0
f1359210,430735,home,ESP,KSA,Marc CUCURELLA,1,0.938,0.938,-1.0,-1.0,1.875,1.0666666666666667,1.0666666666666667,0,0,0,0,1,0,0,0,1.0,2.75,0.469,0.375,7.0,3.0,-1.0,0,1,1
f1359210,411375,home,ESP,KSA,RODRI,2,0.0,0.0,-1.0,-1.0,2.069,0.9666666666666667,0.9666666666666667,0,0,0,1,0,0,0,0,1.0,2.75,0.0,0.0,7.0,3.0,-1.0,0,0,0
f1359210,423646,home,ESP,KSA,PEDRI,2,0.938,0.938,-1.0,-1.0,1.875,1.0666666666666667,1.0666666666666667,0,0,0,1,0,0,0,0,1.0,2.75,0.469,0.844,7.0,3.0,-1.0,0,0,0
f1359210,430751,home,ESP,KSA,Mikel OYARZABAL,3,0.938,0.938,-1.0,-1.0,4.688,1.0666666666666667,1.0666666666666667,0,0,1,0,0,0,0,0,1.0,2.75,0.469,0.938,7.0,3.0,-1.0,0,3,1
f1359210,396885,away,KSA,ESP,MOHAMMED ALOWAIS,0,0.0,-1.0,0.0,-1.0,0.0,1.1,0,1.1,0,0,0,0,1,0.0,0.0,0.0,-2.75,0.0,0.0,3.0,7.0,0.0,0.0,0,0
f1359210,403312,away,KSA,ESP,Abdulelah ALAMRI,1,1.818,-1.0,1.818,-1.0,1.818,1.1,0,1.1,0,0,0,1,0,0.0,1.818,0.0,-2.75,0.909,0.727,3.0,7.0,1.818,1.818,0,0
f1359210,403335,away,KSA,ESP,HASSAN ALTAMBAKTI,1,0.0,-1.0,0.0,-1.0,0.0,1.1,0,1.1,0,0,0,1,0,0.0,0.0,0.0,-2.75,0.0,0.0,3.0,7.0,0.0,0.0,0,0
f1359210,419281,away,KSA,ESP,SAUD ABDULHAMID,1,0.0,-1.0,0.0,-1.0,0.978,1.0222222222222221,0,1.0222222222222221,0,0,0,1,0,0.0,0.0,0.0,-2.75,0.0,0.0,3.0,7.0,0.0,0.978,0,0
f1359210,419303,away,KSA,ESP,MOTEB ALHARBI,1,0.0,-1.0,0.0,-1.0,0.0,1.0222222222222221,0,1.0222222222222221,0,0,0,1,0,0.0,0.0,0.0,-2.75,0.0,0.0,3.0,7.0,0.0,0.0,0,0
f1359210,436537,away,KSA,ESP,MUSAB ALJUWAYR,2,0.0,-1.0,0.0,-1.0,0.0,0.7,0,0.7,0,0,1,0,0,0.0,0.0,0.0,-2.75,0.0,0.0,3.0,7.0,0.0,0.0,0,0
f1359210,411624,away,KSA,ESP,ABDULLAH ALKHAIBARI,2,0.0,-1.0,0.0,-1.0,0.909,1.1,0,1.1,0,0,1,0,0,0.0,0.0,0.0,-2.75,0.0,0.0,3.0,7.0,0.0,0.909,0,0
f1359210,419291,away,KSA,ESP,FERAS ALBRIKAN,3,0.0,-1.0,0.0,-1.0,0.0,1.0222222222222221,0,1.0222222222222221,0,1,0,0,0,0.0,0.0,0.0,-2.75,0.0,0.0,3.0,7.0,0.0,0.0,0,0
f1359210,339745,away,KSA,ESP,SALEM ALDAWSARI,3,0.0,-1.0,0.0,-1.0,0.909,1.1,0,1.1,0,1,0,0,0,0.0,0.0,0.0,-2.75,0.0,0.0,3.0,7.0,0.0,0.909,1,1
f1359207,358106,home,BEL,IRN,Thibaut COURTOIS,0,0.0,-1.0,-1.0,0.0,0.0,1.0666666666666667,0,0,1.0666666666666667,0,0,0,1,0,0,2.0,1.25,0.0,0.0,3.0,4.0,0.0,0.0,0,0
f1359207,448360,home,BEL,IRN,Brandon MECHELE,1,0.938,-1.0,-1.0,0.938,1.875,1.0666666666666667,0,0,1.0666666666666667,0,0,1,0,0,0,2.0,1.25,0.469,0.375,3.0,4.0,0.938,1.875,0,0
f1359207,358122,home,BEL,IRN,Thomas MEUNIER,1,0.938,-1.0,-1.0,0.938,0.938,1.0666666666666667,0,0,1.0666666666666667,0,0,1,0,0,0,2.0,1.25,0.469,0.375,3.0,4.0,0.938,0.938,0,0
f1359207,514166,home,BEL,IRN,Nathan NGOY,1,0.0,-1.0,-1.0,0.0,0.0,1.0666666666666667,0,0,1.0666666666666667,0,0,1,0,0,0,2.0,1.25,0.0,0.0,3.0,4.0,0.0,0.0,0,0
f1359207,358120,home,BEL,IRN,Kevin DE BRUYNE,2,1.059,-1.0,-1.0,1.059,4.235,0.9444444444444444,0,0,0.9444444444444444,0,1,0,0,0,0,2.0,1.25,0.529,0.953,3.0,4.0,1.059,4.235,1,1
f1359207,401444,home,BEL,IRN,Youri TIELEMANS,2,0.0,-1.0,-1.0,0.0,1.875,1.0666666666666667,0,0,1.0666666666666667,0,1,0,0,0,0,2.0,1.25,0.0,0.0,3.0,4.0,0.0,1.875,1,1
f1359207,448355,home,BEL,IRN,Leandro TROSSARD,3,0.0,-1.0,-1.0,0.0,2.812,1.0666666666666667,0,0,1.0666666666666667,1,0,0,0,0,0,2.0,1.25,0.0,0.0,3.0,4.0,0.0,2.812,0,0
f1359207,380007,away,IRN,BEL,Alireza BEIRANVAND,0,0.0,-1.0,-1.0,0.0,0.0,1.0666666666666667,0,0,1.0666666666666667,0,0,0,1,0,0,1.0,-1.25,0.0,0.0,4.0,3.0,0.0,0.0,0,0
f1359207,346743,away,IRN,BEL,Shoja KHALILZADEH,1,0.0,-1.0,-1.0,0.0,0.0,1.0666666666666667,0,0,1.0666666666666667,0,0,1,0,0,0,1.0,-1.25,0.0,0.0,4.0,3.0,0.0,0.0,0,0
f1359207,489603,away,IRN,BEL,Ali NEMATI,1,0.0,-1.0,-1.0,0.0,0.938,1.0666666666666667,0,0,1.0666666666666667,0,0,1,0,0,0,1.0,-1.25,0.0,0.0,4.0,3.0,0.0,0.938,0,0
f1359207,384797,away,IRN,BEL,Ramin REZAEIAN,1,0.938,-1.0,-1.0,0.938,0.938,1.0666666666666667,0,0,1.0666666666666667,0,0,1,0,0,0,1.0,-1.25,0.469,0.375,4.0,3.0,0.938,0.938,0,0
f1359207,371736,away,IRN,BEL,Saeid EZATOLAHI,2,0.938,-1.0,-1.0,0.938,1.875,1.0666666666666667,0,0,1.0666666666666667,0,1,0,0,0,0,1.0,-1.25,0.469,0.844,4.0,3.0,0.938,1.875,1,1
f1359207,448497,away,IRN,BEL,Mohammad MOHEBBI,2,0.938,-1.0,-1.0,0.938,1.875,1.0666666666666667,0,0,1.0666666666666667,0,1,0,0,0,0,1.0,-1.25,0.469,0.844,4.0,3.0,0.938,1.875,0,0
f1359207,411644,away,IRN,BEL,Saman GHODDOS,2,0.0,-1.0,-1.0,0.0,2.769,0.7222222222222222,0,0,0.7222222222222222,0,1,0,0,0,0,1.0,-1.25,0.0,0.0,4.0,3.0,0.0,2.769,0,0
f1359207,388475,away,IRN,BEL,Mehdi TAREMI,3,0.0,-1.0,-1.0,0.0,2.25,0.8888888888888888,0,0,0.8888888888888888,1,0,0,0,0,0,1.0,-1.25,0.0,0.0,4.0,3.0,0.0,2.25,1,1
f1359246,229498,home,URU,CPV,Fernando MUSLERA,0,0.0,-1.0,-1.0,0.0,0.0,1.1,0,0,1.1,0,0,0,1,0,0,0.0,1.25,0.0,0.0,10.0,1.0,0.0,0.0,0,0
f1359246,419108,home,URU,CPV,Sebastian CACERES,1,0.0,-1.0,-1.0,0.0,1.818,1.1,0,0,1.1,0,0,1,0,0,0,0.0,1.25,0.0,0.0,10.0,1.0,0.0,1.818,0,0
f1359246,368660,home,URU,CPV,Guillermo VARELA,1,0.0,-1.0,-1.0,0.0,1.818,1.1,0,0,1.1,0,0,1,0,0,0,0.0,1.25,0.0,0.0,10.0,1.0,0.0,1.818,0,0
f1359246,402893,home,URU,CPV,Mathias OLIVERA,1,0.0,-1.0,-1.0,0.0,0.909,1.1,0,0,1.1,0,0,1,0,0,0,0.0,1.25,0.0,0.0,10.0,1.0,0.0,0.909,0,0
f1359246,441623,home,URU,CPV,Manuel UGARTE,2,1.25,-1.0,-1.0,1.25,2.5,0.8,0,0,0.8,0,1,0,0,0,0,0.0,1.25,0.625,1.125,10.0,1.0,1.25,2.5,0,0
f1359246,386538,home,URU,CPV,Rodrigo BENTANCUR,2,0.0,-1.0,-1.0,0.0,0.909,1.1,0,0,1.1,0,1,0,0,0,0,0.0,1.25,0.0,0.0,10.0,1.0,0.0,0.909,0,0
f1359246,402884,home,URU,CPV,Federico VALVERDE,2,1.818,-1.0,-1.0,1.818,2.727,1.1,0,0,1.1,0,1,0,0,0,0,0.0,1.25,0.909,1.636,10.0,1.0,1.818,2.727,0,0
f1359246,402876,home,URU,CPV,Agustin CANOBBIO,2,0.0,-1.0,-1.0,0.0,0.909,1.1,0,0,1.1,0,1,0,0,0,0,0.0,1.25,0.0,0.0,10.0,1.0,0.0,0.909,1,1
f1359246,419100,home,URU,CPV,Maxi ARAUJO,2,2.222,-1.0,-1.0,2.222,2.222,0.9,0,0,0.9,0,1,0,0,0,0,0.0,1.25,1.111,2.0,10.0,1.0,2.222,2.222,1,1
f1359246,419134,home,URU,CPV,Juan Manuel SANABRIA,2,0.0,-1.0,-1.0,0.0,2.727,1.1,0,0,1.1,0,1,0,0,0,0,0.0,1.25,0.0,0.0,10.0,1.0,0.0,2.727,0,0
f1359246,477536,home,URU,CPV,Federico VINAS,3,3.0,-1.0,-1.0,3.0,5.0,1.0,0,0,1.0,1,0,0,0,0,0,0.0,1.25,1.5,3.0,10.0,1.0,3.0,5.0,0,0
f1359246,364752,away,CPV,URU,VOZINHA,0,0.0,-1.0,0.0,-1.0,0.0,1.0666666666666667,0,1.0666666666666667,0,0,0,0,1,0.0,0.0,1.0,-1.25,0.0,0.0,1.0,10.0,0.0,0.0,0,0
f1359246,409241,away,CPV,URU,DINEY BORGES,1,0.938,-1.0,0.938,-1.0,0.938,1.0666666666666667,0,1.0666666666666667,0,0,0,1,0,0.0,0.938,1.0,-1.25,0.469,0.375,1.0,10.0,0.938,0.938,0,0
f1359246,477770,away,CPV,URU,PICO LOPES,1,0.0,-1.0,0.0,-1.0,0.0,1.0666666666666667,0,1.0666666666666667,0,0,0,1,0,0.0,0.0,1.0,-1.25,0.0,0.0,1.0,10.0,0.0,0.0,0,0
f1359246,477832,away,CPV,URU,SIDNY LOPES CABRAL,1,0.0,-1.0,0.0,-1.0,0.0,0.8444444444444444,0,0.8444444444444444,0,0,0,1,0,0.0,0.0,1.0,-1.25,0.0,0.0,1.0,10.0,0.0,0.0,0,0
f1359246,477847,away,CPV,URU,STEVEN MOREIRA,1,0.0,-1.0,0.0,-1.0,0.938,1.0666666666666667,0,1.0666666666666667,0,0,0,1,0,0.0,0.0,1.0,-1.25,0.0,0.0,1.0,10.0,0.0,0.938,0,0
f1359246,477852,away,CPV,URU,KEVIN PINA,2,0.0,-1.0,0.0,-1.0,0.938,1.0666666666666667,0,1.0666666666666667,0,0,1,0,0,0.0,0.0,1.0,-1.25,0.0,0.0,1.0,10.0,0.0,0.938,1,1
f1359246,401894,away,CPV,URU,JAMIRO MONTEIRO,2,0.0,-1.0,0.0,-1.0,0.0,0.8777777777777778,0,0.8777777777777778,0,0,1,0,0,0.0,0.0,1.0,-1.25,0.0,0.0,1.0,10.0,0.0,0.0,0,0
f1359246,355642,away,CPV,URU,RYAN MENDES,3,0.0,-1.0,0.0,-1.0,0.938,1.0666666666666667,0,1.0666666666666667,0,1,0,0,0,0.0,0.0,1.0,-1.25,0.0,0.0,1.0,10.0,0.0,0.938,0,0
f1359243,368535,home,NZL,EGY,Max CROCOMBE,0,0.0,-1.0,0.0,-1.0,0.0,1.0666666666666667,0,1.0666666666666667,0,0,0,0,1,0.0,0.0,1.0,-0.75,0.0,0.0,8.0,3.0,0.0,0.0,0,0
f1359243,331463,home,NZL,EGY,Tim PAYNE,1,0.0,-1.0,0.0,-1.0,0.0,0.8555555555555555,0,0.8555555555555555,0,0,0,1,0,0.0,0.0,1.0,-0.75,0.0,0.0,8.0,3.0,0.0,0.0,0,0
f1359243,261367,home,NZL,EGY,Michael BOXALL,1,0.0,-1.0,0.0,-1.0,0.0,1.0666666666666667,0,1.0666666666666667,0,0,0,1,0,0.0,0.0,1.0,-0.75,0.0,0.0,8.0,3.0,0.0,0.0,0,0
f1359243,405469,home,NZL,EGY,Liberato CACACE,1,1.324,-1.0,1.324,-1.0,1.324,0.7555555555555555,0,0.7555555555555555,0,0,0,1,0,0.0,1.324,1.0,-0.75,0.662,0.53,8.0,3.0,1.324,1.324,0,0
f1359243,463580,home,NZL,EGY,Finn SURMAN,1,0.0,-1.0,0.0,-1.0,0.938,1.0666666666666667,0,1.0666666666666667,0,0,0,1,0,0.0,0.0,1.0,-0.75,0.0,0.0,8.0,3.0,0.0,0.938,1,1
f1359243,390181,home,NZL,EGY,Joe BELL,2,0.0,-1.0,0.0,-1.0,0.0,1.0666666666666667,0,1.0666666666666667,0,0,1,0,0,0.0,0.0,1.0,-0.75,0.0,0.0,8.0,3.0,0.0,0.0,0,0
f1359243,423595,home,NZL,EGY,Marko STAMENIC,2,0.0,-1.0,0.0,-1.0,0.978,1.0222222222222221,0,1.0222222222222221,0,0,1,0,0,0.0,0.0,1.0,-0.75,0.0,0.0,8.0,3.0,0.0,0.978,0,0
f1359243,390209,home,NZL,EGY,Sarpreet SINGH,2,1.957,-1.0,1.957,-1.0,2.935,1.0222222222222221,0,1.0222222222222221,0,0,1,0,0,0.0,0.0,1.0,-0.75,0.979,1.761,8.0,3.0,1.957,2.935,0,0
f1359243,405454,home,NZL,EGY,Elijah JUST,2,1.875,-1.0,1.875,-1.0,1.875,1.0666666666666667,0,1.0666666666666667,0,0,1,0,0,0.0,0.0,1.0,-0.75,0.938,1.688,8.0,3.0,1.875,1.875,1,1
f1359243,390196,home,NZL,EGY,Callum McCOWATT,2,1.324,-1.0,1.324,-1.0,2.647,0.7555555555555555,0,0.7555555555555555,0,0,1,0,0,0.0,0.0,1.0,-0.75,0.662,1.192,8.0,3.0,1.324,2.647,2,1
f1359243,274078,home,NZL,EGY,Chris WOOD,3,1.875,-1.0,1.875,-1.0,3.75,1.0666666666666667,0,1.0666666666666667,0,1,0,0,0,1.875,0.0,1.0,-0.75,0.938,1.875,8.0,3.0,1.875,3.75,0,0
f1359243,416906,away,EGY,NZL,MOSTAFA SHOUBIR,0,0.0,-1.0,0.0,-1.0,0.0,1.0666666666666667,0,1.0666666666666667,0,0,0,0,1,0.0,0.0,2.0,0.75,0.0,0.0,3.0,8.0,0.0,0.0,0,0
f1359243,369267,away,EGY,NZL,YASSER IBRAHIM,1,0.0,-1.0,0.0,-1.0,0.0,1.0666666666666667,0,1.0666666666666667,0,0,0,1,0,0.0,0.0,2.0,0.75,0.0,0.0,3.0,8.0,0.0,0.0,0,0
f1359243,408950,away,EGY,NZL,MOHAMED HANY,1,0.0,-1.0,0.0,-1.0,1.875,1.0666666666666667,0,1.0666666666666667,0,0,0,1,0,0.0,0.0,2.0,0.75,0.0,0.0,3.0,8.0,0.0,1.875,0,0
f1359243,430477,away,EGY,NZL,AHMED FATOUH,1,0.0,-1.0,0.0,-1.0,0.0,0.9777777777777777,0,0.9777777777777777,0,0,0,1,0,0.0,0.0,2.0,0.75,0.0,0.0,3.0,8.0,0.0,0.0,1,1
f1359243,430482,away,EGY,NZL,EMAM ASHOUR,2,1.268,-1.0,1.268,-1.0,2.535,0.7888888888888889,0,0.7888888888888889,0,0,1,0,0,0.0,0.0,2.0,0.75,0.634,1.141,3.0,8.0,1.268,2.535,0,0
f1359243,483161,away,EGY,NZL,MOSTAFA ZICO,2,1.184,-1.0,1.184,-1.0,2.368,0.8444444444444444,0,0.8444444444444444,0,0,1,0,0,0.0,0.0,2.0,0.75,0.592,1.066,3.0,8.0,1.184,2.368,1,1
f1359243,429095,away,EGY,NZL,HAMDY FATHY,2,0.0,-1.0,0.0,-1.0,0.0,0.9777777777777777,0,0.9777777777777777,0,0,1,0,0,0.0,0.0,2.0,0.75,0.0,0.0,3.0,8.0,0.0,0.0,0,0
f1359243,433469,away,EGY,NZL,MOHANAD LASHIN,2,0.0,-1.0,0.0,-1.0,0.0,1.0666666666666667,0,1.0666666666666667,0,0,1,0,0,0.0,0.0,2.0,0.75,0.0,0.0,3.0,8.0,0.0,0.0,0,0
f1359243,461788,away,EGY,NZL,MARAWAN ATTIA,2,0.0,-1.0,0.0,-1.0,0.938,1.0666666666666667,0,1.0666666666666667,0,0,1,0,0,0.0,0.0,2.0,0.75,0.0,0.0,3.0,8.0,0.0,0.938,0,0
f1359243,344654,away,EGY,NZL,MOHAMED SALAH,3,1.184,-1.0,1.184,-1.0,1.184,0.8444444444444444,0,0.8444444444444444,0,1,0,0,0,1.184,0.0,2.0,0.75,0.592,1.184,3.0,8.0,1.184,1.184,2,1
f1359243,430476,away,EGY,NZL,OMAR MARMOUSH,3,0.0,-1.0,0.0,-1.0,4.688,1.0666666666666667,0,1.0666666666666667,0,1,0,0,0,0.0,0.0,2.0,0.75,0.0,0.0,3.0,8.0,0.0,4.688,1,1
f1359216,308300,home,ARG,AUT,Emiliano MARTINEZ,0,0.0,-1.0,-1.0,0.0,0.0,1.0777777777777777,0,0,1.0777777777777777,0,0,0,1,0,0,1.0,1.0,0.0,0.0,6.0,4.0,0.0,0.0,0,0
f1359216,402921,home,ARG,AUT,Lisandro MARTINEZ,1,0.0,-1.0,-1.0,0.0,0.0,1.0777777777777777,0,0,1.0777777777777777,0,0,1,0,0,0,1.0,1.0,0.0,0.0,6.0,4.0,0.0,0.0,0,0
f1359216,431196,home,ARG,AUT,Cristian ROMERO,1,0.0,-1.0,-1.0,0.0,0.0,0.8888888888888888,0,0,0.8888888888888888,0,0,1,0,0,0,1.0,1.0,0.0,0.0,6.0,4.0,0.0,0.0,0,0
f1359216,418963,home,ARG,AUT,Facundo MEDINA,1,0.0,-1.0,-1.0,0.0,0.0,1.0777777777777777,0,0,1.0777777777777777,0,0,1,0,0,0,1.0,1.0,0.0,0.0,6.0,4.0,0.0,0.0,0,0
f1359216,402925,home,ARG,AUT,Nahuel MOLINA,1,0.0,-1.0,-1.0,0.0,0.0,1.0777777777777777,0,0,1.0777777777777777,0,0,1,0,0,0,1.0,1.0,0.0,0.0,6.0,4.0,0.0,0.0,0,0
f1359216,428882,home,ARG,AUT,Rodrigo DE PAUL,2,0.0,-1.0,-1.0,0.0,0.0,1.0777777777777777,0,0,1.0777777777777777,0,1,0,0,0,0,1.0,1.0,0.0,0.0,6.0,4.0,0.0,0.0,0,0
f1359216,430628,home,ARG,AUT,Alexis MAC ALLISTER,2,0.928,-1.0,-1.0,0.928,1.856,1.0777777777777777,0,0,1.0777777777777777,0,1,0,0,0,0,1.0,1.0,0.464,0.835,6.0,4.0,0.928,1.856,0,0
f1359216,448252,home,ARG,AUT,Enzo FERNANDEZ,2,0.0,-1.0,-1.0,0.0,0.0,1.0777777777777777,0,0,1.0777777777777777,0,1,0,0,0,0,1.0,1.0,0.0,0.0,6.0,4.0,0.0,0.0,0,0
f1359216,229397,home,ARG,AUT,Lionel MESSI,3,4.5,-1.0,-1.0,4.5,6.75,0.8888888888888888,0,0,0.8888888888888888,1,0,0,0,0,0,1.0,1.0,2.25,4.5,6.0,4.0,4.5,6.75,4,1
f1359216,418975,home,ARG,AUT,Thiago ALMADA,3,0.0,-1.0,-1.0,0.0,1.636,0.6111111111111112,0,0,0.6111111111111112,1,0,0,0,0,0,1.0,1.0,0.0,0.0,6.0,4.0,0.0,1.636,0,0
f1359216,402920,home,ARG,AUT,Lautaro MARTINEZ,3,1.636,-1.0,-1.0,1.636,1.636,0.6111111111111112,0,0,0.6111111111111112,1,0,0,0,0,0,1.0,1.0,0.818,1.636,6.0,4.0,1.636,1.636,0,0
f1359216,371739,away,AUT,ARG,Alexander SCHLAGER,0,0.0,-1.0,-1.0,0.0,0.0,1.1444444444444444,0,0,1.1444444444444444,0,0,0,1,0,0,0.0,-1.0,0.0,0.0,4.0,6.0,0.0,0.0,0,0
f1359216,441067,away,AUT,ARG,Stefan POSCH,1,0.0,-1.0,-1.0,0.0,1.748,1.1444444444444444,0,0,1.1444444444444444,0,0,1,0,0,0,0.0,-1.0,0.0,0.0,4.0,6.0,0.0,1.748,0,0
f1359216,316002,away,AUT,ARG,David ALABA,1,0.0,-1.0,-1.0,0.0,1.525,0.6555555555555556,0,0,0.6555555555555556,0,0,1,0,0,0,0.0,-1.0,0.0,0.0,4.0,6.0,0.0,1.525,0,0
f1359216,385531,away,AUT,ARG,Xaver Schlager,2,0.0,-1.0,-1.0,0.0,0.0,0.6555555555555556,0,0,0.6555555555555556,0,1,0,0,0,0,0.0,-1.0,0.0,0.0,4.0,6.0,0.0,0.0,0,0
f1359216,441088,away,AUT,ARG,Nicolas SEIWALD,2,0.0,-1.0,-1.0,0.0,0.0,1.1444444444444444,0,0,1.1444444444444444,0,1,0,0,0,0,0.0,-1.0,0.0,0.0,4.0,6.0,0.0,0.0,0,0
f1359216,358241,away,AUT,ARG,Marcel SABITZER,2,0.0,-1.0,-1.0,0.0,0.874,1.1444444444444444,0,0,1.1444444444444444,0,1,0,0,0,0,0.0,-1.0,0.0,0.0,4.0,6.0,0.0,0.874,1,1
f1359216,463283,away,AUT,ARG,Romano SCHMID,2,1.084,-1.0,-1.0,1.084,1.084,0.9222222222222223,0,0,0.9222222222222223,0,1,0,0,0,0,0.0,-1.0,0.542,0.976,4.0,6.0,1.084,1.084,0,0
f1359216,385259,away,AUT,ARG,Konrad LAIMER,2,0.0,-1.0,-1.0,0.0,0.874,1.1444444444444444,0,0,1.1444444444444444,0,1,0,0,0,0,0.0,-1.0,0.0,0.0,4.0,6.0,0.0,0.874,0,0
f1359213,448332,home,FRA,IRQ,Mike MAIGNAN,0,0.0,-1.0,-1.0,0.0,0.0,1.1111111111111112,0,0,1.1111111111111112,0,0,0,1,0,0,4.0,2.75,0.0,0.0,8.0,1.0,0.0,0.0,0,0
f1359213,389876,home,FRA,IRQ,Dayot UPAMECANO,1,0.0,-1.0,-1.0,0.0,0.0,1.1111111111111112,0,0,1.1111111111111112,0,0,1,0,0,0,4.0,2.75,0.0,0.0,8.0,1.0,0.0,0.0,0,0
f1359213,430707,home,FRA,IRQ,Jules KOUNDE,1,0.0,-1.0,-1.0,0.0,0.0,1.1111111111111112,0,0,1.1111111111111112,0,0,1,0,0,0,4.0,2.75,0.0,0.0,8.0,1.0,0.0,0.0,0,0
f1359213,419177,home,FRA,IRQ,William SALIBA,1,0.0,-1.0,-1.0,0.0,0.0,1.1111111111111112,0,0,1.1111111111111112,0,0,1,0,0,0,4.0,2.75,0.0,0.0,8.0,1.0,0.0,0.0,0,0
f1359213,402047,home,FRA,IRQ,Adrien RABIOT,2,0.0,-1.0,-1.0,0.0,0.0,1.1111111111111112,0,0,1.1111111111111112,0,1,0,0,0,0,4.0,2.75,0.0,0.0,8.0,1.0,0.0,0.0,0,0
f1359213,398680,home,FRA,IRQ,Ousmane DEMBELE,3,0.0,-1.0,-1.0,0.0,1.125,0.8888888888888888,0,0,0.8888888888888888,1,0,0,0,0,0,4.0,2.75,0.0,0.0,8.0,1.0,0.0,1.125,2,1
f1359213,389867,home,FRA,IRQ,Kylian MBAPPE,3,3.6,-1.0,-1.0,3.6,3.6,1.1111111111111112,0,0,1.1111111111111112,1,0,0,0,0,0,4.0,2.75,1.8,3.6,8.0,1.0,3.6,3.6,3,1
f1359213,485655,home,FRA,IRQ,Michael OLISE,3,1.8,-1.0,-1.0,1.8,1.8,1.1111111111111112,0,0,1.1111111111111112,1,0,0,0,0,0,4.0,2.75,0.9,1.8,8.0,1.0,1.8,1.8,0,0
f1359213,479553,away,IRQ,FRA,Hussein Ali,1,0.0,-1.0,0.0,-1.0,1.233,0.8111111111111111,0,0.8111111111111111,0,0,0,1,0,0.0,0.0,1.0,-2.75,0.0,0.0,1.0,8.0,0.0,1.233,0,0
f1359213,434025,away,IRQ,FRA,ZAID TAHSEEN,1,0.0,-1.0,0.0,-1.0,1.837,1.0888888888888888,0,1.0888888888888888,0,0,0,1,0,0.0,0.0,1.0,-2.75,0.0,0.0,1.0,8.0,0.0,1.837,0,0
f1359213,481183,away,IRQ,FRA,AKAM HASHIM,1,0.0,-1.0,0.0,-1.0,0.918,1.0888888888888888,0,1.0888888888888888,0,0,0,1,0,0.0,0.0,1.0,-2.75,0.0,0.0,1.0,8.0,0.0,0.918,0,0
f1359213,479072,away,IRQ,FRA,MERCHAS DOSKI,1,0.0,-1.0,0.0,-1.0,0.0,1.0888888888888888,0,1.0888888888888888,0,0,0,1,0,0.0,0.0,1.0,-2.75,0.0,0.0,1.0,8.0,0.0,0.0,0,0
f1359213,433585,away,IRQ,FRA,IBRAHIM BAYESH,2,0.0,-1.0,0.0,-1.0,1.154,0.8666666666666667,0,0.8666666666666667,0,0,1,0,0,0.0,0.0,1.0,-2.75,0.0,0.0,1.0,8.0,0.0,1.154,0,0
f1359213,433074,away,IRQ,FRA,AMIR ALAMMARI,2,0.0,-1.0,0.0,-1.0,0.0,1.0888888888888888,0,1.0888888888888888,0,0,1,0,0,0.0,0.0,1.0,-2.75,0.0,0.0,1.0,8.0,0.0,0.0,0,0
f1359213,484270,away,IRQ,FRA,ZAID ISMAEL,2,0.0,-1.0,0.0,-1.0,0.0,0.6555555555555556,0,0.6555555555555556,0,0,1,0,0,0.0,0.0,1.0,-2.75,0.0,0.0,1.0,8.0,0.0,0.0,0,0
f1359213,395186,away,IRQ,FRA,AYMEN HUSSEIN,3,0.918,-1.0,0.918,-1.0,2.755,1.0888888888888888,0,1.0888888888888888,0,1,0,0,0,0.918,0.0,1.0,-2.75,0.459,0.918,1.0,8.0,0.918,2.755,0,0
f1359249,373235,home,NOR,SEN,Orjan NYLAND,0,0.0,-1.0,-1.0,0.0,0.0,1.0888888888888888,0,0,1.0888888888888888,0,0,0,1,0,0,3.0,-0.0,0.0,0.0,5.0,2.0,0.0,0.0,0,0
f1359249,483516,home,NOR,SEN,Kristoffer AJER,1,0.0,-1.0,-1.0,0.0,0.0,1.0888888888888888,0,0,1.0888888888888888,0,0,1,0,0,0,3.0,-0.0,0.0,0.0,5.0,2.0,0.0,0.0,1,1
f1359249,483505,home,NOR,SEN,David MOLLER WOLFE,1,0.0,-1.0,-1.0,0.0,0.0,0.8111111111111111,0,0,0.8111111111111111,0,0,1,0,0,0,3.0,-0.0,0.0,0.0,5.0,2.0,0.0,0.0,0,0
f1359249,491244,home,NOR,SEN,Torbjorn HEGGEM,1,0.0,-1.0,-1.0,0.0,0.0,1.0888888888888888,0,0,1.0888888888888888,0,0,1,0,0,0,3.0,-0.0,0.0,0.0,5.0,2.0,0.0,0.0,0,0
f1359249,404645,home,NOR,SEN,Sander BERGE,2,0.0,-1.0,-1.0,0.0,0.0,1.0888888888888888,0,0,1.0888888888888888,0,1,0,0,0,0,3.0,-0.0,0.0,0.0,5.0,2.0,0.0,0.0,0,0
f1359249,400716,home,NOR,SEN,Martin ODEGAARD,2,0.0,-1.0,-1.0,0.0,1.111,0.9,0,0,0.9,0,1,0,0,0,0,3.0,-0.0,0.0,0.0,5.0,2.0,0.0,1.111,1,1
f1359249,483497,home,NOR,SEN,Fredrik AURSNES,2,0.0,-1.0,-1.0,0.0,0.0,0.8111111111111111,0,0,0.8111111111111111,0,1,0,0,0,0,3.0,-0.0,0.0,0.0,5.0,2.0,0.0,0.0,0,0
f1359249,398588,home,NOR,SEN,Alexander SORLOTH,3,1.233,-1.0,-1.0,1.233,2.466,0.8111111111111111,0,0,0.8111111111111111,1,0,0,0,0,0,3.0,-0.0,0.617,1.233,5.0,2.0,1.233,2.466,0,0
f1359249,419652,home,NOR,SEN,Erling HAALAND,3,2.755,-1.0,-1.0,2.755,3.673,1.0888888888888888,0,0,1.0888888888888888,1,0,0,0,0,0,3.0,-0.0,1.377,2.755,5.0,2.0,2.755,3.673,3,1
f1359249,483448,home,NOR,SEN,Antonio NUSA,3,0.0,-1.0,-1.0,0.0,0.0,0.8111111111111111,0,0,0.8111111111111111,1,0,0,0,0,0,3.0,-0.0,0.0,0.0,5.0,2.0,0.0,0.0,0,0
f1359249,483496,home,NOR,SEN,Julian RYERSON,3,0.0,-1.0,-1.0,0.0,0.0,1.0888888888888888,0,0,1.0888888888888888,1,0,0,0,0,0,3.0,-0.0,0.0,0.0,5.0,2.0,0.0,0.0,0,0
f1359249,433806,away,SEN,NOR,Edouard MENDY,0,0.0,-1.0,0.0,-1.0,0.0,1.1111111111111112,0,1.1111111111111112,0,0,0,0,1,0.0,0.0,1.0,0.0,0.0,0.0,2.0,5.0,0.0,0.0,0,0
f1359249,339820,away,SEN,NOR,Kalidou KOULIBALY,1,0.0,-1.0,0.0,-1.0,0.0,1.1111111111111112,0,1.1111111111111112,0,0,0,1,0,0.0,0.0,1.0,0.0,0.0,0.0,2.0,5.0,0.0,0.0,0,0
f1359249,403642,away,SEN,NOR,Krepin DIATTA,1,0.0,-1.0,0.0,-1.0,0.0,1.1111111111111112,0,1.1111111111111112,0,0,0,1,0,0.0,0.0,1.0,0.0,0.0,0.0,2.0,5.0,0.0,0.0,0,0
f1359249,430690,away,SEN,NOR,Moussa Niakhate,1,0.0,-1.0,0.0,-1.0,0.0,1.1111111111111112,0,1.1111111111111112,0,0,0,1,0,0.0,0.0,1.0,0.0,0.0,0.0,2.0,5.0,0.0,0.0,0,0
f1359249,464865,away,SEN,NOR,El Hadji Malick DIOUF,1,0.0,-1.0,0.0,-1.0,0.0,1.1111111111111112,0,1.1111111111111112,0,0,0,1,0,0.0,0.0,1.0,0.0,0.0,0.0,2.0,5.0,0.0,0.0,0,0
f1359249,332314,away,SEN,NOR,Idrissa Gana GUEYE,2,0.0,-1.0,0.0,-1.0,0.0,0.9777777777777777,0,0.9777777777777777,0,0,1,0,0,0.0,0.0,1.0,0.0,0.0,0.0,2.0,5.0,0.0,0.0,0,0
f1359249,464842,away,SEN,NOR,Lamine CAMARA,2,0.0,-1.0,0.0,-1.0,0.0,0.8333333333333334,0,0.8333333333333334,0,0,1,0,0,0.0,0.0,1.0,0.0,0.0,0.0,2.0,5.0,0.0,0.0,0,0
f1359249,431788,away,SEN,NOR,Pape GUEYE,2,0.0,-1.0,0.0,-1.0,0.0,0.9222222222222223,0,0.9222222222222223,0,0,1,0,0,0.0,0.0,1.0,0.0,0.0,0.0,2.0,5.0,0.0,0.0,0,0
f1359249,353790,away,SEN,NOR,Sadio MANE,3,0.9,-1.0,0.9,-1.0,0.9,1.1111111111111112,0,1.1111111111111112,0,1,0,0,0,0.9,0.0,1.0,0.0,0.45,0.9,2.0,5.0,0.9,0.9,0,0
f1359249,418795,away,SEN,NOR,Nicolas JACKSON,3,0.0,-1.0,0.0,-1.0,1.084,0.9222222222222223,0,0.9222222222222223,0,1,0,0,0,0.0,0.0,1.0,0.0,0.0,0.0,2.0,5.0,0.0,1.084,1,1
f1359249,401889,away,SEN,NOR,Ismaila SARR,3,0.0,-1.0,0.0,-1.0,3.6,0.8333333333333334,0,0.8333333333333334,0,1,0,0,0,0.0,0.0,1.0,0.0,0.0,0.0,2.0,5.0,0.0,3.6,3,1
f1359252,397894,home,JOR,ALG,YAZEED ABULAILA,0,0.0,-1.0,0.0,-1.0,0.0,1.1444444444444444,0,1.1444444444444444,0,0,0,0,1,0.0,0.0,3.0,-1.25,0.0,0.0,4.0,1.0,0.0,0.0,0,0
f1359252,433527,home,JOR,ALG,ABDALLAH NASIB,1,0.0,-1.0,0.0,-1.0,0.0,0.9,0,0.9,0,0,0,1,0,0.0,0.0,3.0,-1.25,0.0,0.0,4.0,1.0,0.0,0.0,0,0
f1359252,431225,home,JOR,ALG,YAZAN ALARAB,1,0.0,-1.0,0.0,-1.0,0.0,1.1444444444444444,0,1.1444444444444444,0,0,0,1,0,0.0,0.0,3.0,-1.25,0.0,0.0,4.0,1.0,0.0,0.0,0,0
f1359252,389437,home,JOR,ALG,EHSAN HADDAD,1,0.0,-1.0,0.0,-1.0,1.111,0.9,0,0.9,0,0,0,1,0,0.0,0.0,3.0,-1.25,0.0,0.0,4.0,1.0,0.0,1.111,0,0
f1359252,431230,home,JOR,ALG,NOOR ALRAWABDEH,2,0.0,-1.0,0.0,-1.0,0.0,1.1444444444444444,0,1.1444444444444444,0,0,1,0,0,0.0,0.0,3.0,-1.25,0.0,0.0,4.0,1.0,0.0,0.0,0,0
f1359252,479389,home,JOR,ALG,MOHANNAD ABUTAHA,2,0.0,-1.0,0.0,-1.0,0.0,1.1444444444444444,0,1.1444444444444444,0,0,1,0,0,0.0,0.0,3.0,-1.25,0.0,0.0,4.0,1.0,0.0,0.0,0,0
f1359252,433534,home,JOR,ALG,NIZAR ALRASHDAN,2,0.0,-1.0,0.0,-1.0,0.0,1.1444444444444444,0,1.1444444444444444,0,0,1,0,0,0.0,0.0,3.0,-1.25,0.0,0.0,4.0,1.0,0.0,0.0,1,1
f1359252,431212,home,JOR,ALG,ALI OLWAN,3,1.748,-1.0,1.748,-1.0,3.495,1.1444444444444444,0,1.1444444444444444,0,1,0,0,0,1.748,0.0,3.0,-1.25,0.874,1.748,4.0,1.0,1.748,3.495,1,1
f1359252,431211,home,JOR,ALG,MOUSA ALTAMARI,3,1.023,-1.0,1.023,-1.0,4.091,0.9777777777777777,0,0.9777777777777777,0,1,0,0,0,1.023,0.0,3.0,-1.25,0.511,1.023,4.0,1.0,1.023,4.091,1,1
f1359252,389879,away,ALG,JOR,Luca ZIDANE,0,0.0,-1.0,0.0,-1.0,0.0,1.0777777777777777,0,1.0777777777777777,0,0,0,0,1,0.0,0.0,3.0,1.25,0.0,0.0,1.0,4.0,0.0,0.0,0,0
f1359252,376285,away,ALG,JOR,Aissa MANDI,1,0.0,-1.0,0.0,-1.0,0.0,1.0777777777777777,0,1.0777777777777777,0,0,0,1,0,0.0,0.0,3.0,1.25,0.0,0.0,1.0,4.0,0.0,0.0,0,0
f1359252,431858,away,ALG,JOR,Rayan AIT-NOURI,1,0.0,-1.0,0.0,-1.0,0.0,1.0777777777777777,0,1.0777777777777777,0,0,0,1,0,0.0,0.0,3.0,1.25,0.0,0.0,1.0,4.0,0.0,0.0,0,0
f1359252,511009,away,ALG,JOR,Rafik BELGHALI,1,0.0,-1.0,0.0,-1.0,0.0,1.0777777777777777,0,1.0777777777777777,0,0,0,1,0,0.0,0.0,3.0,1.25,0.0,0.0,1.0,4.0,0.0,0.0,0,0
f1359252,395113,away,ALG,JOR,Ramy BENSEBAINI,1,0.0,-1.0,0.0,-1.0,0.0,1.0777777777777777,0,1.0777777777777777,0,0,0,1,0,0.0,0.0,3.0,1.25,0.0,0.0,1.0,4.0,0.0,0.0,0,0
f1359252,477795,away,ALG,JOR,Fares CHAIBI,2,0.0,-1.0,0.0,-1.0,2.784,1.0777777777777777,0,1.0777777777777777,0,0,1,0,0,0.0,0.0,3.0,1.25,0.0,0.0,1.0,4.0,0.0,2.784,1,1
f1359252,441350,away,ALG,JOR,Hicham BOUDAOUI,2,0.0,-1.0,0.0,-1.0,0.0,0.7111111111111111,0,0.7111111111111111,0,0,1,0,0,0.0,0.0,3.0,1.25,0.0,0.0,1.0,4.0,0.0,0.0,0,0
f1359252,494291,away,ALG,JOR,Ibrahim MAZA,2,0.0,-1.0,0.0,-1.0,1.098,0.9111111111111111,0,0.9111111111111111,0,0,1,0,0,0.0,0.0,3.0,1.25,0.0,0.0,1.0,4.0,0.0,1.098,2,1
f1359252,405877,away,ALG,JOR,Amine GOUIRI,3,0.0,-1.0,0.0,-1.0,0.0,0.7111111111111111,0,0.7111111111111111,0,1,0,0,0,0.0,0.0,3.0,1.25,0.0,0.0,1.0,4.0,0.0,0.0,2,1
f1359219,403001,home,POR,UZB,DIOGO COSTA,0,0.0,-1.0,-1.0,0.0,0.0,1.0555555555555556,0,0,1.0555555555555556,0,0,0,1,0,0,3.0,2.25,0.0,0.0,1.0,2.0,0.0,0.0,0,0
f1359219,489704,home,POR,UZB,RENATO VEIGA,1,0.0,-1.0,-1.0,0.0,0.0,1.0555555555555556,0,0,1.0555555555555556,0,0,1,0,0,0,3.0,2.25,0.0,0.0,1.0,2.0,0.0,0.0,0,0
f1359219,368649,home,POR,UZB,JOAO CANCELO,1,0.0,-1.0,-1.0,0.0,0.0,1.0555555555555556,0,0,1.0555555555555556,0,0,1,0,0,0,3.0,2.25,0.0,0.0,1.0,2.0,0.0,0.0,0,0
f1359219,433195,home,POR,UZB,NUNO MENDES,1,0.0,-1.0,-1.0,0.0,0.0,0.8,0,0,0.8,0,0,1,0,0,0,3.0,2.25,0.0,0.0,1.0,2.0,0.0,0.0,1,1
f1359219,395206,home,POR,UZB,BRUNO FERNANDES,2,0.0,-1.0,-1.0,0.0,1.895,1.0555555555555556,0,0,1.0555555555555556,0,1,0,0,0,0,3.0,2.25,0.0,0.0,1.0,2.0,0.0,1.895,1,1
f1359219,484141,home,POR,UZB,JOAO NEVES,2,0.947,-1.0,-1.0,0.947,0.947,1.0555555555555556,0,0,1.0555555555555556,0,1,0,0,0,0,3.0,2.25,0.473,0.852,1.0,2.0,0.947,0.947,0,0
f1359219,441149,home,POR,UZB,VITINHA,2,0.0,-1.0,-1.0,0.0,0.0,0.9222222222222223,0,0,0.9222222222222223,0,1,0,0,0,0,3.0,2.25,0.0,0.0,1.0,2.0,0.0,0.0,0,0
f1359219,201200,home,POR,UZB,CRISTIANO RONALDO,3,0.0,-1.0,-1.0,0.0,2.842,1.0555555555555556,0,0,1.0555555555555556,1,0,0,0,0,0,3.0,2.25,0.0,0.0,1.0,2.0,0.0,2.842,5,1
f1359219,418548,home,POR,UZB,PEDRO NETO,3,0.0,-1.0,-1.0,0.0,0.0,0.8,0,0,0.8,1,0,0,0,0,0,3.0,2.25,0.0,0.0,1.0,2.0,0.0,0.0,0,0
f1359219,464924,away,UZB,POR,Abdukodir KHUSANOV,1,0.0,-1.0,0.0,-1.0,0.0,1.1222222222222222,0,1.1222222222222222,0,0,0,1,0,0.0,0.0,1.0,-2.25,0.0,0.0,2.0,1.0,0.0,0.0,0,0
f1359219,371415,away,UZB,POR,Rustam ASHURMATOV,1,0.0,-1.0,0.0,-1.0,0.0,0.8555555555555555,0,0.8555555555555555,0,0,0,1,0,0.0,0.0,1.0,-2.25,0.0,0.0,2.0,1.0,0.0,0.0,0,0
f1359219,479042,away,UZB,POR,Abdulla ABDULLAEV,1,0.0,-1.0,0.0,-1.0,0.0,1.1222222222222222,0,1.1222222222222222,0,0,0,1,0,0.0,0.0,1.0,-2.25,0.0,0.0,2.0,1.0,0.0,0.0,0,0
f1359219,475260,away,UZB,POR,Behruzjon KARIMOV,1,0.0,-1.0,0.0,-1.0,1.782,1.1222222222222222,0,1.1222222222222222,0,0,0,1,0,0.0,0.0,1.0,-2.25,0.0,0.0,2.0,1.0,0.0,1.782,0,0
f1359219,371348,away,UZB,POR,Otabek Shukurov,2,0.0,-1.0,0.0,-1.0,0.0,1.1222222222222222,0,1.1222222222222222,0,0,1,0,0,0.0,0.0,1.0,-2.25,0.0,0.0,2.0,1.0,0.0,0.0,0,0
f1359219,464933,away,UZB,POR,Abbosbek FAYZULLAEV,2,1.169,-1.0,1.169,-1.0,1.169,0.8555555555555555,0,0.8555555555555555,0,0,1,0,0,0.0,0.0,1.0,-2.25,0.585,1.052,2.0,1.0,1.169,1.169,1,1
f1359219,385475,away,UZB,POR,Eldor SHOMURODOV,3,0.968,-1.0,0.968,-1.0,0.968,1.0333333333333334,0,1.0333333333333334,0,1,0,0,0,0.968,0.0,1.0,-2.25,0.484,0.968,2.0,1.0,0.968,0.968,0,0
f1359222,336022,home,ENG,GHA,Jordan PICKFORD,0,0.0,-1.0,-1.0,0.0,0.0,1.0777777777777777,0,0,1.0777777777777777,0,0,0,1,0,0,0.0,2.0,0.0,0.0,11.0,2.0,0.0,0.0,0,0
f1359222,403049,home,ENG,GHA,Ezri KONSA,1,0.928,-1.0,-1.0,0.928,1.856,1.0777777777777777,0,0,1.0777777777777777,0,0,1,0,0,0,0.0,2.0,0.464,0.371,11.0,2.0,0.928,1.856,0,0
f1359222,439641,home,ENG,GHA,Reece JAMES,1,0.0,-1.0,-1.0,0.0,0.928,1.0777777777777777,0,0,1.0777777777777777,0,0,1,0,0,0,0.0,2.0,0.0,0.0,11.0,2.0,0.0,0.928,0,0
f1359222,433097,home,ENG,GHA,Declan RICE,2,1.25,-1.0,-1.0,1.25,1.25,0.8,0,0,0.8,0,1,0,0,0,0,0.0,2.0,0.625,1.125,11.0,2.0,1.25,1.25,0,0
f1359222,481610,home,ENG,GHA,Elliot ANDERSON,2,0.0,-1.0,-1.0,0.0,0.928,1.0777777777777777,0,0,1.0777777777777777,0,1,0,0,0,0,0.0,2.0,0.0,0.0,11.0,2.0,0.0,0.928,0,0
f1359222,448202,home,ENG,GHA,Jude BELLINGHAM,2,2.278,-1.0,-1.0,2.278,3.418,0.8777777777777778,0,0,0.8777777777777778,0,1,0,0,0,0,0.0,2.0,1.139,2.05,11.0,2.0,2.278,3.418,0,0
f1359222,369419,home,ENG,GHA,Harry KANE,3,2.784,-1.0,-1.0,2.784,6.495,1.0777777777777777,0,0,1.0777777777777777,1,0,0,0,0,0,0.0,2.0,1.392,2.784,11.0,2.0,2.784,6.495,1,1
f1359222,448189,home,ENG,GHA,Anthony GORDON,3,1.25,-1.0,-1.0,1.25,2.5,0.8,0,0,0.8,1,0,0,0,0,0,0.0,2.0,0.625,1.25,11.0,2.0,1.25,2.5,1,1
f1359222,489732,home,ENG,GHA,Noni MADUEKE,3,0.0,-1.0,-1.0,0.0,1.25,0.8,0,0,0.8,1,0,0,0,0,0,0.0,2.0,0.0,0.0,11.0,2.0,0.0,1.25,0,0
f1359222,494349,away,GHA,ENG,Benjamin ASARE,0,0.0,-1.0,-1.0,0.0,0.0,1.1333333333333333,0,0,1.1333333333333333,0,0,0,1,0,0,2.0,-2.0,0.0,0.0,2.0,11.0,0.0,0.0,0,0
f1359222,494351,away,GHA,ENG,Jonas ADJETEY,1,0.882,-1.0,-1.0,0.882,1.765,1.1333333333333333,0,0,1.1333333333333333,0,0,1,0,0,0,2.0,-2.0,0.441,0.353,2.0,11.0,0.882,1.765,0,0
f1359222,441333,away,GHA,ENG,Gideon MENSAH,1,0.0,-1.0,-1.0,0.0,0.0,1.1333333333333333,0,0,1.1333333333333333,0,0,1,0,0,0,2.0,-2.0,0.0,0.0,2.0,11.0,0.0,0.0,0,0
f1359222,486150,away,GHA,ENG,Jerome OPOKU,1,0.0,-1.0,-1.0,0.0,0.0,1.1333333333333333,0,0,1.1333333333333333,0,0,1,0,0,0,2.0,-2.0,0.0,0.0,2.0,11.0,0.0,0.0,0,0
f1359222,520039,away,GHA,ENG,Marvin SENAYA,1,0.0,-1.0,-1.0,0.0,0.0,1.1333333333333333,0,0,1.1333333333333333,0,0,1,0,0,0,2.0,-2.0,0.0,0.0,2.0,11.0,0.0,0.0,0,0
f1359222,506279,away,GHA,ENG,Caleb YIRENKYI,2,0.882,-1.0,-1.0,0.882,1.765,1.1333333333333333,0,0,1.1333333333333333,0,1,0,0,0,0,2.0,-2.0,0.441,0.794,2.0,11.0,0.882,1.765,0,0
f1359222,448531,away,GHA,ENG,Antoine SEMENYO,2,0.0,-1.0,-1.0,0.0,1.765,1.1333333333333333,0,0,1.1333333333333333,0,1,0,0,0,0,2.0,-2.0,0.0,0.0,2.0,11.0,0.0,1.765,0,0
f1359222,353235,away,GHA,ENG,Jordan AYEW,3,0.0,-1.0,-1.0,0.0,0.0,0.9666666666666667,0,0,0.9666666666666667,1,0,0,0,0,0,2.0,-2.0,0.0,0.0,2.0,11.0,0.0,0.0,0,0
f1359258,441241,home,PAN,CRO,Orlando MOSQUERA,0,0.0,-1.0,-1.0,0.0,0.0,1.1333333333333333,0,0,1.1333333333333333,0,0,0,1,0,0,4.0,-1.25,0.0,0.0,4.0,5.0,0.0,0.0,0,0
f1359258,441242,home,PAN,CRO,Cesar BLACKMAN,1,1.0,-1.0,-1.0,1.0,2.0,1.0,0,0,1.0,0,0,1,0,0,0,4.0,-1.25,0.5,0.4,4.0,5.0,1.0,2.0,0,0
f1359258,418715,home,PAN,CRO,Jose CORDOBA,1,0.0,-1.0,-1.0,0.0,0.0,1.1333333333333333,0,0,1.1333333333333333,0,0,1,0,0,0,4.0,-1.25,0.0,0.0,4.0,5.0,0.0,0.0,0,0
f1359258,480310,home,PAN,CRO,Jiovany RAMOS,1,0.0,-1.0,-1.0,0.0,1.765,1.1333333333333333,0,0,1.1333333333333333,0,0,1,0,0,0,4.0,-1.25,0.0,0.0,4.0,5.0,0.0,1.765,0,0
f1359258,418729,home,PAN,CRO,Carlos HARVEY,1,0.0,-1.0,-1.0,0.0,0.882,1.1333333333333333,0,0,1.1333333333333333,0,0,1,0,0,0,4.0,-1.25,0.0,0.0,4.0,5.0,0.0,0.882,0,0
f1359258,441240,home,PAN,CRO,Andres ANDRADE,1,0.0,-1.0,-1.0,0.0,0.0,1.1333333333333333,0,0,1.1333333333333333,0,0,1,0,0,0,4.0,-1.25,0.0,0.0,4.0,5.0,0.0,0.0,0,0
f1359258,385031,home,PAN,CRO,Amir MURILLO,1,0.0,-1.0,-1.0,0.0,0.0,1.1333333333333333,0,0,1.1333333333333333,0,0,1,0,0,0,4.0,-1.25,0.0,0.0,4.0,5.0,0.0,0.0,1,1
f1359258,395581,home,PAN,CRO,Cristian MARTINEZ,2,0.0,-1.0,-1.0,0.0,1.429,0.7,0,0,0.7,0,1,0,0,0,0,4.0,-1.25,0.0,0.0,4.0,5.0,0.0,1.429,0,0
f1359258,411176,home,PAN,CRO,Jose Luis RODRIGUEZ,2,0.0,-1.0,-1.0,0.0,0.0,0.8222222222222222,0,0,0.8222222222222222,0,1,0,0,0,0,4.0,-1.25,0.0,0.0,4.0,5.0,0.0,0.0,0,0
f1359258,400416,home,PAN,CRO,Edgar Yoel BARCENAS,2,0.0,-1.0,-1.0,0.0,1.765,1.1333333333333333,0,0,1.1333333333333333,0,1,0,0,0,0,4.0,-1.25,0.0,0.0,4.0,5.0,0.0,1.765,0,0
f1359258,369029,away,CRO,PAN,Dominik LIVAKOVIC,0,0.0,-1.0,0.0,-1.0,0.0,1.0777777777777777,0,1.0777777777777777,0,0,0,0,1,0.0,0.0,1.0,1.25,0.0,0.0,5.0,4.0,0.0,0.0,0,0
f1359258,433667,away,CRO,PAN,Josip STANISIC,1,0.0,-1.0,0.0,-1.0,0.0,1.0777777777777777,0,1.0777777777777777,0,0,0,1,0,0.0,0.0,1.0,1.25,0.0,0.0,5.0,4.0,0.0,0.0,0,0
f1359258,448180,away,CRO,PAN,Josko GVARDIOL,1,0.0,-1.0,0.0,-1.0,0.928,1.0777777777777777,0,1.0777777777777777,0,0,0,1,0,0.0,0.0,1.0,1.25,0.0,0.0,5.0,4.0,0.0,0.928,0,0
f1359258,448171,away,CRO,PAN,Josip SUTALO,1,0.0,-1.0,0.0,-1.0,0.928,1.0777777777777777,0,1.0777777777777777,0,0,0,1,0,0.0,0.0,1.0,1.25,0.0,0.0,5.0,4.0,0.0,0.928,0,0
f1359258,241559,away,CRO,PAN,Luka MODRIC,2,0.0,-1.0,0.0,-1.0,0.0,0.6444444444444445,0,0.6444444444444445,0,0,1,0,0,0.0,0.0,1.0,1.25,0.0,0.0,5.0,4.0,0.0,0.0,0,0
f1359258,482774,away,CRO,PAN,Martin BATURINA,2,1.154,-1.0,1.154,-1.0,1.154,0.8666666666666667,0,0.8666666666666667,0,0,1,0,0,0.0,0.0,1.0,1.25,0.577,1.039,5.0,4.0,1.154,1.154,0,0
f1359258,359381,away,CRO,PAN,Ivan PERISIC,3,0.0,-1.0,0.0,-1.0,0.0,1.0777777777777777,0,1.0777777777777777,0,1,0,0,0,0.0,0.0,1.0,1.25,0.0,0.0,5.0,4.0,0.0,0.0,0,0
f1359258,389754,away,CRO,PAN,Petar Musa,3,1.364,-1.0,1.364,-1.0,1.364,0.7333333333333333,0,0.7333333333333333,0,1,0,0,0,1.364,0.0,1.0,1.25,0.682,1.364,5.0,4.0,1.364,1.364,0,0
f1359255,360642,home,COL,COD,Camilo VARGAS,0,0.0,-1.0,-1.0,0.0,0.0,1.1222222222222222,0,0,1.1222222222222222,0,0,0,1,0,0,1.0,1.0,0.0,0.0,4.0,2.0,0.0,0.0,0,0
f1359255,431200,home,COL,COD,Daniel MUNOZ,1,0.891,-1.0,-1.0,0.891,0.891,1.1222222222222222,0,0,1.1222222222222222,0,0,1,0,0,0,1.0,1.0,0.446,0.356,4.0,2.0,0.891,0.891,1,1
f1359255,441622,home,COL,COD,Jhon LUCUMI,1,0.0,-1.0,-1.0,0.0,0.0,1.1222222222222222,0,0,1.1222222222222222,0,0,1,0,0,0,1.0,1.0,0.0,0.0,4.0,2.0,0.0,0.0,0,0
f1359255,463902,home,COL,COD,Gustavo PUERTA,1,0.0,-1.0,-1.0,0.0,1.125,0.8888888888888888,0,0,0.8888888888888888,0,0,1,0,0,0,1.0,1.0,0.0,0.0,4.0,2.0,0.0,1.125,2,1
f1359255,394500,home,COL,COD,Johan MOJICA,1,0.0,-1.0,-1.0,0.0,0.891,1.1222222222222222,0,0,1.1222222222222222,0,0,1,0,0,0,1.0,1.0,0.0,0.0,4.0,2.0,0.0,0.891,1,1
f1359255,386013,home,COL,COD,Davinson SANCHEZ,1,0.0,-1.0,-1.0,0.0,0.891,1.1222222222222222,0,0,1.1222222222222222,0,0,1,0,0,0,1.0,1.0,0.0,0.0,4.0,2.0,0.0,0.891,1,1
f1359255,269058,home,COL,COD,James RODRIGUEZ,2,1.25,-1.0,-1.0,1.25,2.5,0.8,0,0,0.8,0,1,0,0,0,0,1.0,1.0,0.625,1.125,4.0,2.0,1.25,2.5,1,1
f1359255,470760,home,COL,COD,Jhon ARIAS,2,0.0,-1.0,-1.0,0.0,1.935,1.0333333333333334,0,0,1.0333333333333334,0,1,0,0,0,0,1.0,1.0,0.0,0.0,4.0,2.0,0.0,1.935,1,1
f1359255,395550,home,COL,COD,Jefferson LERMA,2,0.0,-1.0,-1.0,0.0,2.673,1.1222222222222222,0,0,1.1222222222222222,0,1,0,0,0,0,1.0,1.0,0.0,0.0,4.0,2.0,0.0,2.673,0,0
f1359255,428886,home,COL,COD,Luis DIAZ,3,0.968,-1.0,-1.0,0.968,1.935,1.0333333333333334,0,0,1.0333333333333334,1,0,0,0,0,0,1.0,1.0,0.484,0.968,4.0,2.0,0.968,1.935,2,1
f1359255,428905,home,COL,COD,Luis SUAREZ,3,0.0,-1.0,-1.0,0.0,0.0,0.8888888888888888,0,0,0.8888888888888888,1,0,0,0,0,0,1.0,1.0,0.0,0.0,4.0,2.0,0.0,0.0,0,0
f1359255,441313,away,COD,COL,Lionel MPASI,0,0.0,-1.0,0.0,-1.0,0.0,1.0555555555555556,0,1.0555555555555556,0,0,0,0,1,0.0,0.0,1.0,-1.0,0.0,0.0,2.0,4.0,0.0,0.0,0,0
f1359255,426357,away,COD,COL,Aaron WAN-BISSAKA,1,0.0,-1.0,0.0,-1.0,0.0,0.9444444444444444,0,0.9444444444444444,0,0,0,1,0,0.0,0.0,1.0,-1.0,0.0,0.0,2.0,4.0,0.0,0.0,0,0
f1359255,504329,away,COD,COL,Steve KAPUADI,1,0.0,-1.0,0.0,-1.0,0.947,1.0555555555555556,0,1.0555555555555556,0,0,0,1,0,0.0,0.0,1.0,-1.0,0.0,0.0,2.0,4.0,0.0,0.947,0,0
f1359255,403063,away,COD,COL,Axel Tuanzebe,1,0.0,-1.0,0.0,-1.0,0.0,1.0555555555555556,0,1.0555555555555556,0,0,0,1,0,0.0,0.0,1.0,-1.0,0.0,0.0,2.0,4.0,0.0,0.0,0,0
f1359255,356532,away,COD,COL,Chancel MBEMBA,1,0.0,-1.0,0.0,-1.0,0.0,1.0555555555555556,0,1.0555555555555556,0,0,0,1,0,0.0,0.0,1.0,-1.0,0.0,0.0,2.0,4.0,0.0,0.0,0,0
f1359255,436572,away,COD,COL,Arthur MASUAKU,1,0.0,-1.0,0.0,-1.0,0.0,0.8222222222222222,0,0.8222222222222222,0,0,0,1,0,0.0,0.0,1.0,-1.0,0.0,0.0,2.0,4.0,0.0,0.0,0,0
f1359255,494458,away,COD,COL,Ngalayel MUKAU,2,0.0,-1.0,0.0,-1.0,0.0,0.6333333333333333,0,0.6333333333333333,0,0,1,0,0,0.0,0.0,1.0,-1.0,0.0,0.0,2.0,4.0,0.0,0.0,0,0
f1359255,433076,away,COD,COL,Samuel Moutoussamy,2,0.0,-1.0,0.0,-1.0,1.895,1.0555555555555556,0,1.0555555555555556,0,0,1,0,0,0.0,0.0,1.0,-1.0,0.0,0.0,2.0,4.0,0.0,1.895,0,0
f1359255,433161,away,COD,COL,Edo Kayembe,2,1.216,-1.0,1.216,-1.0,1.216,0.8222222222222222,0,0.8222222222222222,0,0,1,0,0,0.0,0.0,1.0,-1.0,0.608,1.094,2.0,4.0,1.216,1.216,0,0
f1359255,336425,away,COD,COL,Cedric BAKAMBU,3,0.0,-1.0,0.0,-1.0,2.118,0.9444444444444444,0,0.9444444444444444,0,1,0,0,0,0.0,0.0,1.0,-1.0,0.0,0.0,2.0,4.0,0.0,2.118,0,0
f1359255,441316,away,COD,COL,Yoane WISSA,3,0.947,-1.0,0.947,-1.0,1.895,1.0555555555555556,0,1.0555555555555556,0,1,0,0,0,0.947,0.0,1.0,-1.0,0.473,0.947,2.0,4.0,0.947,1.895,0,0
f1359188,448107,home,SUI,CAN,Gregor KOBEL,0,0.0,0.0,-1.0,0.0,0.0,2.1777777777777776,1.0888888888888888,0,1.0888888888888888,0,0,0,1,0,0,0.5,-0.0,0.0,0.0,7.0,7.5,0.0,0.0,0,0
f1359188,398509,home,SUI,CAN,Nico ELVEDI,1,0.0,0.0,-1.0,0.0,0.918,2.1777777777777776,1.0888888888888888,0,1.0888888888888888,0,0,1,0,0,0,0.5,-0.0,0.0,0.0,7.0,7.5,0.0,0.0,0,0
f1359188,405178,home,SUI,CAN,Manuel AKANJI,1,0.459,0.918,-1.0,0.0,0.459,2.1777777777777776,1.0888888888888888,0,1.0888888888888888,0,0,1,0,0,0,0.5,-0.0,0.459,0.184,7.0,7.5,0.0,0.0,0,0
f1359188,313559,home,SUI,CAN,Ricardo RODRIGUEZ,1,0.0,0.0,-1.0,0.0,0.0,2.0777777777777775,0.9888888888888889,0,1.0888888888888888,0,0,1,0,0,0,0.5,-0.0,0.0,0.0,7.0,7.5,0.0,0.0,0,0
f1359188,402021,home,SUI,CAN,Remo FREULER,2,0.0,0.0,-1.0,0.0,0.481,2.0777777777777775,0.9888888888888889,0,1.0888888888888888,0,1,0,0,0,0,0.5,-0.0,0.0,0.0,7.0,7.5,0.0,0.918,0,0
f1359188,502727,home,SUI,CAN,Johan MANZAMBI,2,3.051,0.0,-1.0,6.923,6.102,0.6555555555555554,0.36666666666666664,0,0.28888888888888886,0,1,0,0,0,0,0.5,-0.0,1.526,2.746,7.0,7.5,6.923,6.923,1,1
f1359188,311558,home,SUI,CAN,Granit XHAKA,2,0.459,0.0,-1.0,0.918,1.837,2.1777777777777776,1.0888888888888888,0,1.0888888888888888,0,1,0,0,0,0,0.5,-0.0,0.459,0.413,7.0,7.5,0.918,1.837,0,0
f1359188,393480,home,SUI,CAN,Breel EMBOLO,3,0.481,0.918,-1.0,0.0,2.406,2.0777777777777775,1.0888888888888888,0,0.9888888888888889,1,0,0,0,0,0,0.5,-0.0,0.481,0.481,7.0,7.5,0.0,1.011,2,1
f1359188,448131,home,SUI,CAN,Ruben VARGAS,3,2.571,1.139,-1.0,6.923,4.286,1.1666666666666665,0.8777777777777778,0,0.28888888888888886,1,0,0,0,0,0,0.5,-0.0,1.286,2.571,7.0,7.5,6.923,6.923,1,1
f1359188,331732,away,CAN,SUI,Maxime CREPEAU,0,0.0,-1.0,-1.0,0.0,0.0,2.188888888888889,0,0,2.188888888888889,0,0,0,1,0,0,1.0,0.0,0.0,0.0,7.5,7.0,0.0,0.0,0,0
f1359188,441252,away,CAN,SUI,Alistair JOHNSTON,1,0.457,-1.0,-1.0,0.457,0.914,2.188888888888889,0,0,2.188888888888889,0,0,1,0,0,0,1.0,0.0,0.457,0.183,7.5,7.0,0.382,0.916,1,1
f1359188,480322,away,CAN,SUI,Luc DE FOUGEROLLES,1,0.0,-1.0,-1.0,0.0,0.0,1.8666666666666667,0,0,1.8666666666666667,0,0,1,0,0,0,1.0,0.0,0.0,0.0,7.5,7.0,0.0,0.0,1,1
f1359188,371958,away,CAN,SUI,Derek CORNELIUS,1,0.0,-1.0,-1.0,0.0,0.928,1.0777777777777777,0,0,1.0777777777777777,0,0,1,0,0,0,1.0,0.0,0.0,0.0,7.5,7.0,0.0,0.928,0,0
f1359188,431696,away,CAN,SUI,Richie LARYEA,1,0.457,-1.0,-1.0,0.457,0.914,2.188888888888889,0,0,2.188888888888889,0,0,1,0,0,0,1.0,0.0,0.457,0.183,7.5,7.0,0.534,0.916,0,0
f1359188,390670,away,CAN,SUI,Cyle LARIN,3,2.231,-1.0,-1.0,2.231,5.95,1.3444444444444446,0,0,1.3444444444444446,1,0,0,0,0,0,1.0,0.0,1.115,2.231,7.5,7.0,2.363,6.119,1,1
f1359188,441257,away,CAN,SUI,Jonathan DAVID,3,3.913,-1.0,-1.0,3.913,6.149,1.788888888888889,0,0,1.788888888888889,1,0,0,0,0,0,1.0,0.0,1.956,3.913,7.5,7.0,3.595,5.925,0,0
f1359188,430138,away,CAN,SUI,Tajon BUCHANAN,3,0.625,-1.0,-1.0,0.625,2.5,1.6,0,0,1.6,1,0,0,0,0,0,1.0,0.0,0.312,0.625,7.5,7.0,0.535,2.141,0,0
f1359188,466687,away,CAN,SUI,Ali AHMED,3,0.0,-1.0,-1.0,0.0,1.682,1.1888888888888889,0,0,1.1888888888888889,1,0,0,0,0,0,1.0,0.0,0.0,0.0,7.5,7.0,0.0,1.485,1,1
f1359229,482978,home,BIH,QAT,Nikola VASILJ,0,0.0,-1.0,0.0,-1.0,0.0,2.1666666666666665,0,2.1666666666666665,0,0,0,0,1,0.0,0.0,3.5,1.25,0.0,0.0,3.0,1.5,0.0,0.0,0,0
f1359229,376230,home,BIH,QAT,Sead KOLASINAC,1,0.0,-1.0,0.0,-1.0,0.0,2.011111111111111,0,2.011111111111111,0,0,0,1,0,0.0,0.0,3.5,1.25,0.0,0.0,3.0,1.5,0.0,0.0,0,0
f1359229,489520,home,BIH,QAT,Nikola KATIC,1,0.0,-1.0,0.0,-1.0,0.0,2.1666666666666665,0,2.1666666666666665,0,0,0,1,0,0.0,0.0,3.5,1.25,0.0,0.0,3.0,1.5,0.0,0.0,0,0
f1359229,482974,home,BIH,QAT,Ivan BASIC,2,0.0,-1.0,0.0,-1.0,0.0,1.0666666666666667,0,1.0666666666666667,0,0,1,0,0,0.0,0.0,3.5,1.25,0.0,0.0,3.0,1.5,0.0,0.0,0,0
f1359229,372436,home,BIH,QAT,Ivan SUNJIC,2,0.0,-1.0,0.0,-1.0,0.0,1.2,0,1.2,0,0,1,0,0,0.0,0.0,3.5,1.25,0.0,0.0,3.0,1.5,0.0,0.0,1,1
f1359229,436743,home,BIH,QAT,Ermedin DEMIROVIC,3,0.495,-1.0,0.495,-1.0,0.495,2.022222222222222,0,2.022222222222222,0,1,0,0,0,0.495,0.0,3.5,1.25,0.495,0.495,3.0,1.5,0.514,0.514,1,1
f1359229,300409,home,BIH,QAT,Edin DZEKO,3,0.0,-1.0,0.0,-1.0,2.857,0.7,0,0.7,0,1,0,0,0,0.0,0.0,3.5,1.25,0.0,0.0,3.0,1.5,0.0,2.857,0,0
f1359229,504990,home,BIH,QAT,Kerim ALAJBEGOVIC,3,0.0,-1.0,0.0,-1.0,0.0,1.2666666666666666,0,1.2666666666666666,0,1,0,0,0,0.0,0.0,3.5,1.25,0.0,0.0,3.0,1.5,0.0,0.0,1,1
f1359229,464566,home,BIH,QAT,Esmir BAJRAKTAREVIC,3,0.0,-1.0,0.0,-1.0,0.0,1.211111111111111,0,1.211111111111111,0,1,0,0,0,0.0,0.0,3.5,1.25,0.0,0.0,3.0,1.5,0.0,0.0,1,1
f1359229,419459,away,QAT,BIH,MAHMOUD ABUNADA,0,0.0,-1.0,0.0,-1.0,0.0,2.2,0,2.2,0,0,0,0,1,0.0,0.0,2.5,-1.25,0.0,0.0,1.5,3.0,0.0,0.0,0,0
f1359229,416051,away,QAT,BIH,PEDRO MIGUEL,1,0.0,-1.0,0.0,-1.0,0.0,2.2,0,2.2,0,0,0,1,0,0.0,0.0,2.5,-1.25,0.0,0.0,1.5,3.0,0.0,0.0,1,1
f1359229,512791,away,QAT,BIH,ISSA LAYE,1,0.0,-1.0,0.0,-1.0,0.455,2.2,0,2.2,0,0,0,1,0,0.0,0.0,2.5,-1.25,0.0,0.0,1.5,3.0,0.0,0.559,0,0
f1359229,419473,away,QAT,BIH,JASSEM GABER,1,0.0,-1.0,0.0,-1.0,0.0,0.6666666666666666,0,0.6666666666666666,0,0,0,1,0,0.0,0.0,2.5,-1.25,0.0,0.0,1.5,3.0,0.0,0.0,0,0
f1359229,385067,away,QAT,BIH,BOUALEM KHOUKHI,1,0.0,-1.0,0.0,-1.0,0.455,2.2,0,2.2,0,0,0,1,0,0.0,0.0,2.5,-1.25,0.0,0.0,1.5,3.0,0.0,0.353,0,0
f1359229,386387,away,QAT,BIH,SULTAN ALBRAKE,1,0.0,-1.0,0.0,-1.0,0.0,0.6666666666666666,0,0.6666666666666666,0,0,0,1,0,0.0,0.0,2.5,-1.25,0.0,0.0,1.5,3.0,0.0,0.0,0,0
f1359229,433394,away,QAT,BIH,AHMED FATHY,2,0.0,-1.0,0.0,-1.0,0.0,1.3888888888888888,0,1.3888888888888888,0,0,1,0,0,0.0,0.0,2.5,-1.25,0.0,0.0,1.5,3.0,0.0,0.0,0,0
f1359229,429063,away,QAT,BIH,EDMILSON JUNIOR,3,2.045,-1.0,2.045,-1.0,2.045,0.9777777777777777,0,0.9777777777777777,0,1,0,0,0,2.045,0.0,2.5,-1.25,1.022,2.045,1.5,3.0,2.045,2.045,0,0
f1359229,386347,away,QAT,BIH,AKRAM AFIF,3,0.0,-1.0,0.0,-1.0,0.0,1.7444444444444445,0,1.7444444444444445,0,1,0,0,0,0.0,0.0,2.5,-1.25,0.0,0.0,1.5,3.0,0.0,0.0,0,0
f1359199,411301,home,SCO,BRA,Angus Gunn,0,0.0,-1.0,0.0,0.0,0.0,2.177777777777778,0,1.0777777777777777,1.1,0,0,0,1,0.0,0.0,0.5,-1.5,0.0,0.0,1.0,4.5,0.0,0.0,0,0
f1359199,401339,home,SCO,BRA,Andy ROBERTSON,1,0.0,-1.0,0.0,0.0,0.0,2.177777777777778,0,1.0777777777777777,1.1,0,0,1,0,0.0,0.0,0.5,-1.5,0.0,0.0,1.0,4.5,0.0,0.0,0,0
f1359199,430147,home,SCO,BRA,Jack Hendry,1,0.0,-1.0,0.0,0.0,0.0,2.177777777777778,0,1.0777777777777777,1.1,0,0,1,0,0.0,0.0,0.5,-1.5,0.0,0.0,1.0,4.5,0.0,0.0,0,0
f1359199,433694,home,SCO,BRA,Nathan PATTERSON,1,0.0,-1.0,0.0,0.0,0.0,1.2444444444444445,0,0.9777777777777777,0.26666666666666666,0,0,1,0,0.0,0.0,0.5,-1.5,0.0,0.0,1.0,4.5,0.0,0.0,0,0
f1359199,433787,home,SCO,BRA,Scott McTominay,2,0.0,-1.0,0.0,0.0,1.837,2.177777777777778,0,1.0777777777777777,1.1,0,1,0,0,0.0,0.0,0.5,-1.5,0.0,0.0,1.0,4.5,0.0,1.841,2,1
f1359199,401334,home,SCO,BRA,John McGinn,2,0.529,-1.0,0.0,1.098,1.588,1.8888888888888888,0,0.9777777777777777,0.9111111111111111,0,1,0,0,0.0,0.0,0.5,-1.5,0.265,0.476,1.0,4.5,0.409,1.46,0,0
f1359199,442434,home,SCO,BRA,Lewis FERGUSON,2,0.0,-1.0,0.0,0.0,0.0,2.177777777777778,0,1.0777777777777777,1.1,0,1,0,0,0.0,0.0,0.5,-1.5,0.0,0.0,1.0,4.5,0.0,0.0,1,1
f1359199,485131,home,SCO,BRA,Ben GANNON-DOAK,3,0.0,-1.0,0.0,0.0,1.607,1.2444444444444445,0,0.4111111111111111,0.8333333333333334,1,0,0,0,0.0,0.0,0.5,-1.5,0.0,0.0,1.0,4.5,0.0,1.354,0,0
f1359199,484045,home,SCO,BRA,Lawrence SHANKLAND,3,0.0,-1.0,-1.0,0.0,2.195,0.9111111111111111,0,0,0.9111111111111111,1,0,0,0,0,0,0.5,-1.5,0.0,0.0,1.0,4.5,0.0,2.195,0,0
f1359199,308370,away,BRA,SCO,ALISSON,0,0.0,0.0,-1.0,0.0,0.0,2.188888888888889,1.0666666666666667,0,1.1222222222222222,0,0,0,1,0,0,0.5,1.5,0.0,0.0,4.5,1.0,0.0,0.0,0,0
f1359199,430601,away,BRA,SCO,GABRIEL MAGALHAES,1,0.0,0.0,-1.0,0.0,0.0,2.188888888888889,1.0666666666666667,0,1.1222222222222222,0,0,1,0,0,0,0.5,1.5,0.0,0.0,4.5,1.0,0.0,0.0,0,0
f1359199,332946,away,BRA,SCO,MARQUINHOS,1,0.0,0.0,-1.0,0.0,0.914,2.188888888888889,1.0666666666666667,0,1.1222222222222222,0,0,1,0,0,0,0.5,1.5,0.0,0.0,4.5,1.0,0.0,0.823,0,0
f1359199,335656,away,BRA,SCO,DANILO,1,0.0,0.0,-1.0,0.0,0.0,2.188888888888889,1.0666666666666667,0,1.1222222222222222,0,0,1,0,0,0,0.5,1.5,0.0,0.0,4.5,1.0,0.0,0.0,0,0
f1359199,367981,away,BRA,SCO,DOUGLAS SANTOS,1,0.0,0.0,-1.0,0.0,0.457,2.188888888888889,1.0666666666666667,0,1.1222222222222222,0,0,1,0,0,0,0.5,1.5,0.0,0.0,4.5,1.0,0.0,0.505,0,0
f1359199,308386,away,BRA,SCO,CASEMIRO,2,0.0,0.0,-1.0,-1.0,0.0,1.0666666666666667,1.0666666666666667,0,0,0,1,0,0,0,0,0.5,1.5,0.0,0.0,4.5,1.0,0.0,0.0,0,0
f1359199,430605,away,BRA,SCO,BRUNO GUIMARAES,2,0.0,0.0,-1.0,0.0,0.559,1.7888888888888888,0.9,0,0.8888888888888888,0,1,0,0,0,0,0.5,1.5,0.0,0.0,4.5,1.0,0.0,0.502,0,0
f1359199,411726,away,BRA,SCO,LUCAS PAQUETA,2,0.72,0.0,-1.0,1.475,1.44,1.3888888888888888,0.7111111111111111,0,0.6777777777777778,0,1,0,0,0,0,0.5,1.5,0.36,0.648,4.5,1.0,0.645,1.29,0,0
f1359199,405742,away,BRA,SCO,VINICIUS JUNIOR,3,1.484,2.222,-1.0,0.891,1.978,2.022222222222222,0.9,0,1.1222222222222222,1,0,0,0,0,0,0.5,1.5,1.484,1.484,4.5,1.0,1.551,2.102,4,1
f1359199,430609,away,BRA,SCO,MATHEUS CUNHA,3,0.865,1.406,-1.0,0.0,0.865,1.1555555555555554,0.7111111111111111,0,0.4444444444444444,1,0,0,0,0,0,0.5,1.5,0.432,0.865,4.5,1.0,0.932,0.932,2,1
f1359199,475036,away,BRA,SCO,RAYAN,3,0.0,0.0,-1.0,-1.0,0.0,0.6222222222222222,0.6222222222222222,0,0,1,0,0,0,0,0,0.5,1.5,0.0,0.0,4.5,1.0,0.0,0.0,1,1
f1359232,356956,home,MAR,HAI,Yassine BOUNOU,0,0.0,-1.0,0.0,0.0,0.0,2.2,0,1.1222222222222222,1.0777777777777777,0,0,0,1,0.0,0.0,2.0,1.5,0.0,0.0,2.5,2.5,0.0,0.0,0,0
f1359232,400721,home,MAR,HAI,Achraf HAKIMI,1,0.0,-1.0,0.0,0.0,2.273,2.2,0,1.1222222222222222,1.0777777777777777,0,0,1,0,0.0,0.0,2.0,1.5,0.0,0.0,2.5,2.5,0.0,2.261,3,1
f1359232,448607,home,MAR,HAI,Chadi RIAD,1,0.0,-1.0,0.0,0.0,0.0,2.2,0,1.1222222222222222,1.0777777777777777,0,0,1,0,0.0,0.0,2.0,1.5,0.0,0.0,2.5,2.5,0.0,0.0,0,0
f1359232,448598,home,MAR,HAI,Ismael SAIBARI,2,1.047,-1.0,1.011,1.084,2.616,1.9111111111111112,0,0.9888888888888889,0.9222222222222223,0,1,0,0,0.0,0.0,2.0,1.5,0.523,0.942,2.5,2.5,1.048,2.604,1,1
f1359232,448612,home,MAR,HAI,Bilal EL KHANNOUSS,2,0.552,-1.0,0.0,1.084,1.656,1.8111111111111111,0,0.8888888888888888,0.9222222222222223,0,1,0,0,0.0,0.0,2.0,1.5,0.276,0.497,2.5,2.5,0.567,1.671,2,1
f1359232,485740,home,MAR,HAI,Neil EL AYNAOUI,2,0.0,-1.0,0.0,0.0,1.818,2.2,0,1.1222222222222222,1.0777777777777777,0,1,0,0,0.0,0.0,2.0,1.5,0.0,0.0,2.5,2.5,0.0,1.794,1,1
f1359232,430740,home,MAR,HAI,Brahim DIAZ,3,0.612,-1.0,1.406,0.0,2.449,1.6333333333333333,0,0.7111111111111111,0.9222222222222223,1,0,0,0,1.406,0.0,2.0,1.5,0.306,0.612,2.5,2.5,0.593,2.406,0,0
f1359232,295922,away,HAI,MAR,Johny Placide,0,0.0,-1.0,0.0,-1.0,0.0,2.166666666666667,0,2.166666666666667,0,0,0,0,1,0.0,0.0,0.5,-1.5,0.0,0.0,2.5,2.5,0.0,0.0,0,0
f1359232,275917,away,HAI,MAR,Ricardo Ade,1,0.462,-1.0,0.462,-1.0,1.385,2.166666666666667,0,2.166666666666667,0,0,0,1,0,0.0,0.462,0.5,-1.5,0.462,0.185,2.5,2.5,0.448,1.371,0,0
f1359232,448363,away,HAI,MAR,Hannes DELCROIX,1,0.0,-1.0,0.0,-1.0,0.0,2.166666666666667,0,2.166666666666667,0,0,0,1,0,0.0,0.0,0.5,-1.5,0.0,0.0,2.5,2.5,0.0,0.0,0,0
f1359232,489300,away,HAI,MAR,Martin EXPERIENCE,1,0.0,-1.0,0.0,-1.0,0.462,2.166666666666667,0,2.166666666666667,0,0,0,1,0,0.0,0.0,0.5,-1.5,0.0,0.0,2.5,2.5,0.0,0.474,0,0
f1359232,431781,away,HAI,MAR,Jean-Kevin DUVERNE,1,0.0,-1.0,0.0,-1.0,0.938,1.0666666666666667,0,1.0666666666666667,0,0,0,1,0,0.0,0.0,0.5,-1.5,0.0,0.0,2.5,2.5,0.0,0.938,0,0
f1359232,430697,away,HAI,MAR,Jean-Ricner Bellegarde,2,0.0,-1.0,0.0,-1.0,1.5,2.0,0,2.0,0,0,1,0,0,0.0,0.0,0.5,-1.5,0.0,0.0,2.5,2.5,0.0,1.538,0,0
f1359232,466838,away,HAI,MAR,Danley JEAN JACQUES,2,0.0,-1.0,0.0,-1.0,0.0,2.166666666666667,0,2.166666666666667,0,0,1,0,0,0.0,0.0,0.5,-1.5,0.0,0.0,2.5,2.5,0.0,0.0,0,0
f1359232,485664,away,HAI,MAR,Ruben PROVIDENCE,3,0.577,-1.0,0.577,-1.0,2.308,1.7333333333333334,0,1.7333333333333334,0,1,0,0,0,0.577,0.0,0.5,-1.5,0.288,0.577,2.5,2.5,0.592,2.334,0,0
f1359232,485676,away,HAI,MAR,Lenny JOSEPH,3,0.0,-1.0,0.0,-1.0,0.0,0.5444444444444445,0,0.5444444444444445,0,1,0,0,0,0.0,0.0,0.5,-1.5,0.0,0.0,2.5,2.5,0.0,0.0,0,0
f1359232,405879,away,HAI,MAR,Wilson Isidor,3,0.526,-1.0,0.526,-1.0,2.105,1.9,0,1.9,0,1,0,0,0,0.526,0.0,0.5,-1.5,0.263,0.526,2.5,2.5,0.513,2.113,1,1
f1359232,510757,away,HAI,MAR,Josue CASIMIR,3,0.0,-1.0,0.0,-1.0,0.9,1.1111111111111112,0,1.1111111111111112,0,1,0,0,0,0.0,0.0,0.5,-1.5,0.0,0.0,2.5,2.5,0.0,0.932,0,0
f1359179,484012,home,CZE,MEX,Matej KOVAR,0,0.0,-1.0,-1.0,0.0,0.0,2.1666666666666665,0,0,2.1666666666666665,0,0,0,1,0,0,0.0,-0.75,0.0,0.0,3.5,4.0,0.0,0.0,0,0
f1359179,441167,home,CZE,MEX,Tomas HOLES,1,0.0,-1.0,-1.0,0.0,0.0,1.0888888888888888,0,0,1.0888888888888888,0,0,1,0,0,0,0.0,-0.75,0.0,0.0,3.5,4.0,0.0,0.0,0,0
f1359179,486080,home,CZE,MEX,Robin HRANAC,1,0.0,-1.0,-1.0,0.0,0.0,2.1666666666666665,0,0,2.1666666666666665,0,0,1,0,0,0,0.0,-0.75,0.0,0.0,3.5,4.0,0.0,0.0,0,0
f1359179,472908,home,CZE,MEX,Vladimir COUFAL,1,0.0,-1.0,-1.0,0.0,0.0,2.1666666666666665,0,0,2.1666666666666665,0,0,1,0,0,0,0.0,-0.75,0.0,0.0,3.5,4.0,0.0,0.0,0,0
f1359179,441170,home,CZE,MEX,Ladislav KREJCI,1,0.462,-1.0,-1.0,0.462,2.308,2.1666666666666665,0,0,2.1666666666666665,0,0,1,0,0,0,0.0,-0.75,0.462,0.185,3.5,4.0,0.681,1.658,0,0
f1359179,486081,home,CZE,MEX,Lukas CERV,2,1.154,-1.0,-1.0,1.154,1.154,0.8666666666666667,0,0,0.8666666666666667,0,1,0,0,0,0,0.0,-0.75,0.577,1.039,3.5,4.0,1.154,1.154,1,1
f1359179,433668,home,CZE,MEX,Michal SADILEK,2,2.673,-1.0,-1.0,2.673,4.455,1.1222222222222222,0,0,1.1222222222222222,0,1,0,0,0,0,0.0,-0.75,1.337,2.406,3.5,4.0,3.659,4.771,0,0
f1359179,433754,home,CZE,MEX,Adam HLOZEK,3,0.891,-1.0,-1.0,0.891,2.673,1.1222222222222222,0,0,1.1222222222222222,1,0,0,0,0,0,0.0,-0.75,0.446,0.891,3.5,4.0,1.552,3.659,0,0
f1359179,486082,home,CZE,MEX,Pavel SULC,3,0.0,-1.0,-1.0,0.0,0.849,1.1777777777777778,0,0,1.1777777777777778,1,0,0,0,0,0,0.0,-0.75,0.0,0.0,3.5,4.0,0.0,1.148,0,0
f1359179,485070,away,MEX,CZE,Raul RANGEL,0,0.0,-1.0,-1.0,0.0,0.0,2.1666666666666665,0,0,2.1666666666666665,0,0,0,1,0,0,1.5,0.75,0.0,0.0,4.0,3.5,0.0,0.0,0,0
f1359179,403596,away,MEX,CZE,Jorge SANCHEZ,1,0.0,-1.0,-1.0,0.0,0.0,1.0777777777777777,0,0,1.0777777777777777,0,0,1,0,0,0,1.5,0.75,0.0,0.0,4.0,3.5,0.0,0.0,1,1
f1359179,395516,away,MEX,CZE,Cesar MONTES,1,0.0,-1.0,-1.0,0.0,0.0,1.0888888888888888,0,0,1.0888888888888888,0,0,1,0,0,0,1.5,0.75,0.0,0.0,4.0,3.5,0.0,0.0,0,0
f1359179,400634,away,MEX,CZE,Edson ALVAREZ,1,0.0,-1.0,-1.0,0.0,0.0,1.3222222222222222,0,0,1.3222222222222222,0,0,1,0,0,0,1.5,0.75,0.0,0.0,4.0,3.5,0.0,0.0,0,0
f1359179,441261,away,MEX,CZE,Israel REYES,1,0.0,-1.0,-1.0,0.0,0.783,1.2777777777777777,0,0,1.2777777777777777,0,0,1,0,0,0,1.5,0.75,0.0,0.0,4.0,3.5,0.0,0.657,0,0
f1359179,430763,away,MEX,CZE,Luis ROMO,2,1.268,-1.0,-1.0,1.268,1.268,0.7888888888888889,0,0,0.7888888888888889,0,1,0,0,0,0,1.5,0.75,0.634,1.141,4.0,3.5,1.268,1.268,0,0
f1359179,429157,away,MEX,CZE,Julian QUINONES,3,1.656,-1.0,-1.0,1.656,3.313,1.8111111111111111,0,0,1.8111111111111111,1,0,0,0,0,0,1.5,0.75,0.828,1.656,4.0,3.5,1.423,2.418,1,1
f1359179,403585,away,MEX,CZE,Roberto ALVARADO,3,0.0,-1.0,-1.0,0.0,0.506,1.9777777777777776,0,0,1.9777777777777776,1,0,0,0,0,0,1.5,0.75,0.0,0.0,4.0,3.5,0.0,0.733,0,0
f1359226,395986,home,RSA,KOR,Ronwen WILLIAMS,0,0.0,-1.0,0.0,-1.0,0.0,2.1777777777777776,0,2.1777777777777776,0,0,0,0,1,0.0,0.0,1.0,-0.75,0.0,0.0,3.0,4.0,0.0,0.0,0,0
f1359226,395050,home,RSA,KOR,Aubrey MODIBA,1,0.517,-1.0,0.517,-1.0,2.069,1.9333333333333331,0,1.9333333333333331,0,0,0,1,0,0.0,0.517,1.0,-0.75,0.259,0.207,3.0,4.0,0.913,1.544,0,0
f1359226,504199,home,RSA,KOR,Mbekezeli MBOKAZI,1,0.459,-1.0,0.459,-1.0,1.837,2.1777777777777776,0,2.1777777777777776,0,0,0,1,0,0.0,0.459,1.0,-0.75,0.459,0.184,3.0,4.0,0.746,1.263,0,0
f1359226,463218,home,RSA,KOR,Khuliso MUDAU,1,0.0,-1.0,0.0,-1.0,0.0,2.1777777777777776,0,2.1777777777777776,0,0,0,1,0,0.0,0.0,1.0,-0.75,0.0,0.0,3.0,4.0,0.0,0.0,0,0
f1359226,506039,home,RSA,KOR,Ime OKON,1,0.0,-1.0,0.0,-1.0,0.0,2.1777777777777776,0,2.1777777777777776,0,0,0,1,0,0.0,0.0,1.0,-0.75,0.0,0.0,3.0,4.0,0.0,0.0,0,0
f1359226,494248,home,RSA,KOR,Thalente MBATHA,2,0.0,-1.0,0.0,-1.0,0.643,1.5555555555555554,0,1.5555555555555554,0,0,1,0,0,0.0,0.0,1.0,-0.75,0.0,0.0,3.0,4.0,0.0,0.321,1,1
f1359226,390475,home,RSA,KOR,Sphephelo SITHOLE,2,0.0,-1.0,0.0,-1.0,0.0,1.0888888888888888,0,1.0888888888888888,0,0,1,0,0,0.0,0.0,1.0,-0.75,0.0,0.0,3.0,4.0,0.0,0.0,0,0
f1359226,419223,home,RSA,KOR,Oswin APPOLLIS,3,0.0,-1.0,0.0,-1.0,0.75,1.3333333333333333,0,1.3333333333333333,0,1,0,0,0,0.0,0.0,1.0,-0.75,0.0,0.0,3.0,4.0,0.0,0.466,1,1
f1359226,486161,home,RSA,KOR,Relebohile MOFOKENG,3,0.918,-1.0,0.918,-1.0,0.918,1.0888888888888888,0,1.0888888888888888,0,1,0,0,0,0.918,0.0,1.0,-0.75,0.459,0.918,3.0,4.0,0.918,0.918,0,0
f1359226,463234,home,RSA,KOR,Thapelo MASEKO,3,0.0,-1.0,0.0,-1.0,3.214,0.9333333333333333,0,0.9333333333333333,0,1,0,0,0,0.0,0.0,1.0,-0.75,0.0,0.0,3.0,4.0,0.0,3.214,1,1
f1359226,430917,home,RSA,KOR,Evidence MAKGOPA,3,3.333,-1.0,3.333,-1.0,3.333,0.6,0,0.6,0,1,0,0,0,3.333,0.0,1.0,-0.75,1.667,3.333,3.0,4.0,1.414,1.414,1,1
f1359226,274281,away,KOR,RSA,KIM Seunggyu,0,0.0,-1.0,0.0,0.0,0.0,2.1555555555555554,0,1.0777777777777777,1.0777777777777777,0,0,0,1,0.0,0.0,1.5,0.75,0.0,0.0,4.0,3.0,0.0,0.0,0,0
f1359226,423874,away,KOR,RSA,LEE Hanbeom,1,0.0,-1.0,0.0,0.0,0.928,2.1555555555555554,0,1.0777777777777777,1.0777777777777777,0,0,1,0,0.0,0.0,1.5,0.75,0.0,0.0,4.0,3.0,0.0,0.928,0,0
f1359226,395088,away,KOR,RSA,KIM Minjae,1,0.0,-1.0,0.0,0.0,0.0,2.1555555555555554,0,1.0777777777777777,1.0777777777777777,0,0,1,0,0.0,0.0,1.5,0.75,0.0,0.0,4.0,3.0,0.0,0.0,1,1
f1359226,423880,away,KOR,RSA,LEE Taeseok,1,0.0,-1.0,-1.0,0.0,0.0,0.7666666666666667,0,0,0.7666666666666667,0,0,1,0,0,0,1.5,0.75,0.0,0.0,4.0,3.0,0.0,0.0,0,0
f1359226,429608,away,KOR,RSA,SEOL Youngwoo,1,0.0,-1.0,0.0,0.0,0.536,1.8666666666666667,0,0.7888888888888889,1.0777777777777777,0,0,1,0,0.0,0.0,1.5,0.75,0.0,0.0,4.0,3.0,0.0,0.692,0,0
f1359226,492315,away,KOR,RSA,LEE Gihyuk,2,0.0,-1.0,0.0,0.0,0.0,2.1555555555555554,0,1.0777777777777777,1.0777777777777777,0,1,0,0,0.0,0.0,1.5,0.75,0.0,0.0,4.0,3.0,0.0,0.0,0,0
f1359226,395084,away,KOR,RSA,HWANG Inbeom,2,0.994,-1.0,0.0,2.143,1.989,2.011111111111111,0,1.0777777777777777,0.9333333333333333,0,1,0,0,0.0,0.0,1.5,0.75,0.994,0.895,4.0,3.0,0.74,1.717,0,0
f1359226,402817,away,KOR,RSA,PAIK Seungho,2,0.0,-1.0,0.0,0.0,0.0,1.7888888888888888,0,0.8555555555555555,0.9333333333333333,0,1,0,0,0.0,0.0,1.5,0.75,0.0,0.0,4.0,3.0,0.0,0.0,0,0
f1359226,395083,away,KOR,RSA,HWANG Heechan,2,0.0,-1.0,0.0,0.0,0.0,0.8333333333333333,0,0.4444444444444444,0.3888888888888889,0,1,0,0,0.0,0.0,1.5,0.75,0.0,0.0,4.0,3.0,0.0,0.0,0,0
f1359226,418490,away,KOR,RSA,LEE Kangin,2,0.464,-1.0,0.0,0.928,1.392,2.1555555555555554,0,1.0777777777777777,1.0777777777777777,0,1,0,0,0.0,0.0,1.5,0.75,0.464,0.418,4.0,3.0,0.351,1.504,0,0
f1359226,448586,away,KOR,RSA,OH Hyeongyu,3,1.324,-1.0,0.0,3.214,2.647,0.7555555555555555,0,0.4444444444444444,0.3111111111111111,1,0,0,0,0.0,0.0,1.5,0.75,0.662,1.324,4.0,3.0,0.961,2.538,1,1
f1359202,441236,home,ECU,GER,Hernan GALINDEZ,0,0.0,0.0,-1.0,0.0,0.0,2.166666666666667,1.0666666666666667,0,1.1,0,0,0,1,0,0,1.0,-0.75,0.0,0.0,8.0,9.5,0.0,0.0,0,0
f1359202,424031,home,ECU,GER,Piero HINCAPIE,1,0.0,0.0,-1.0,0.0,1.385,2.166666666666667,1.0666666666666667,0,1.1,0,0,1,0,0,0,1.0,-0.75,0.0,0.0,8.0,9.5,0.0,0.909,0,0
f1359202,463465,home,ECU,GER,Joel ORDONEZ,1,0.0,-1.0,-1.0,0.0,1.818,1.1,0,0,1.1,0,0,1,0,0,0,1.0,-0.75,0.0,0.0,8.0,9.5,0.0,1.818,0,0
f1359202,448290,home,ECU,GER,Willian PACHO,1,0.462,0.938,-1.0,0.0,0.462,2.166666666666667,1.0666666666666667,0,1.1,0,0,1,0,0,0,1.0,-0.75,0.462,0.185,8.0,9.5,0.0,0.0,0,0
f1359202,424036,home,ECU,GER,Pedro VITE,2,0.462,0.938,-1.0,0.0,1.385,2.166666666666667,1.0666666666666667,0,1.1,0,1,0,0,0,0,1.0,-0.75,0.462,0.416,8.0,9.5,0.0,0.909,0,0
f1359202,389784,home,ECU,GER,Alan FRANCO,2,0.0,0.0,-1.0,0.0,0.0,1.6111111111111112,0.9222222222222223,0,0.6888888888888889,0,1,0,0,0,0,1.0,-0.75,0.0,0.0,8.0,9.5,0.0,0.0,0,0
f1359202,428885,home,ECU,GER,Moises CAICEDO,2,0.462,0.938,-1.0,0.0,0.923,2.166666666666667,1.0666666666666667,0,1.1,0,1,0,0,0,0,1.0,-0.75,0.462,0.416,8.0,9.5,0.0,0.909,0,0
f1359202,405920,home,ECU,GER,John YEBOAH,3,1.192,2.022,-1.0,0.0,3.576,1.6777777777777778,0.9888888888888889,0,0.6888888888888889,1,0,0,0,0,0,1.0,-0.75,0.596,1.192,8.0,9.5,0.0,4.355,0,0
f1359202,373400,home,ECU,GER,Enner VALENCIA,3,2.601,4.688,-1.0,0.0,4.162,1.922222222222222,1.0666666666666667,0,0.8555555555555555,1,0,0,0,0,0,1.0,-0.75,1.3,2.601,8.0,9.5,0.0,1.169,1,1
f1359202,419020,home,ECU,GER,Gonzalo PLATA,3,1.846,2.812,-1.0,0.909,2.769,2.166666666666667,1.0666666666666667,0,1.1,1,0,0,0,0,0,1.0,-0.75,1.846,1.846,8.0,9.5,0.909,0.909,1,1
f1359202,448312,home,ECU,GER,Nilson ANGULO,3,1.324,3.6,-1.0,0.0,1.324,0.7555555555555555,0.2777777777777778,0,0.4777777777777778,1,0,0,0,0,0,1.0,-0.75,0.662,1.324,8.0,9.5,0.0,0.0,1,1
f1359202,228912,away,GER,ECU,Manuel NEUER,0,0.0,0.0,-1.0,0.0,0.0,2.1555555555555554,1.0666666666666667,0,1.0888888888888888,0,0,0,1,0,0,0.5,0.75,0.0,0.0,9.5,8.0,0.0,0.0,0,0
f1359202,379955,away,GER,ECU,Antonio RUEDIGER,1,0.0,0.0,-1.0,0.0,0.738,1.3555555555555554,0.26666666666666666,0,1.0888888888888888,0,0,1,0,0,0,0.5,0.75,0.0,0.0,9.5,8.0,0.0,0.918,0,0
f1359202,401378,away,GER,ECU,Jonathan TAH,1,0.0,0.0,-1.0,0.0,0.0,1.8888888888888888,0.8,0,1.0888888888888888,0,0,1,0,0,0,0.5,0.75,0.0,0.0,9.5,8.0,0.0,0.0,0,0
f1359202,386413,away,GER,ECU,Joshua KIMMICH,1,0.0,0.0,-1.0,0.0,0.0,2.011111111111111,0.9222222222222223,0,1.0888888888888888,0,0,1,0,0,0,0.5,0.75,0.0,0.0,9.5,8.0,0.0,0.0,0,0
f1359202,484849,away,GER,ECU,Aleksandar PAVLOVIC,2,0.577,0.938,-1.0,0.0,1.731,1.7333333333333334,1.0666666666666667,0,0.6666666666666666,0,1,0,0,0,0,0.5,0.75,0.288,0.519,9.5,8.0,0.0,0.0,0,0
f1359202,429642,away,GER,ECU,Jamal MUSIALA,2,0.726,1.406,-1.0,0.0,3.629,1.3777777777777778,0.7111111111111111,0,0.6666666666666666,0,1,0,0,0,0,0.5,0.75,0.363,0.653,9.5,8.0,0.0,3.0,0,0
f1359202,430669,away,GER,ECU,Florian WIRTZ,2,0.464,0.0,-1.0,0.918,2.32,2.1555555555555554,1.0666666666666667,0,1.0888888888888888,0,1,0,0,0,0,0.5,0.75,0.464,0.418,9.5,8.0,0.918,1.837,0,0
f1359202,404353,away,GER,ECU,Leroy SANE,2,0.0,0.0,-1.0,0.0,1.731,1.7333333333333334,1.0666666666666667,0,0.6666666666666666,0,1,0,0,0,0,0.5,0.75,0.0,0.0,9.5,8.0,0.0,0.0,2,1
f1359202,492363,away,GER,ECU,Felix NMECHA,2,1.588,3.75,-1.0,0.0,3.176,1.8888888888888888,0.8,0,1.0888888888888888,0,1,0,0,0,0,0.5,0.75,0.794,1.429,9.5,8.0,0.0,1.837,0,0
f1359202,411367,away,GER,ECU,Kai HAVERTZ,3,1.492,1.875,-1.0,1.059,3.481,2.011111111111111,1.0666666666666667,0,0.9444444444444444,1,0,0,0,0,0,0.5,0.75,1.492,1.492,9.5,8.0,1.059,3.176,1,1
f1359238,390650,home,CUW,CIV,Eloy ROOM,0,0.0,-1.0,0.0,-1.0,0.0,2.1333333333333333,0,2.1333333333333333,0,0,0,0,1,0.0,0.0,1.0,-2.25,0.0,0.0,2.5,3.0,0.0,0.0,0,0
f1359238,431698,home,CUW,CIV,Jurien GAARI,1,0.0,-1.0,0.0,-1.0,0.0,1.0666666666666667,0,1.0666666666666667,0,0,0,1,0,0.0,0.0,1.0,-2.25,0.0,0.0,2.5,3.0,0.0,0.0,0,0
f1359238,466350,home,CUW,CIV,Sherel FLORANUS,1,0.0,-1.0,0.0,-1.0,0.469,2.1333333333333333,0,2.1333333333333333,0,0,0,1,0,0.0,0.0,1.0,-2.25,0.0,0.0,2.5,3.0,0.0,0.358,0,0
f1359238,511141,home,CUW,CIV,Armando OBISPO,1,0.0,-1.0,0.0,-1.0,0.0,2.1333333333333333,0,2.1333333333333333,0,0,0,1,0,0.0,0.0,1.0,-2.25,0.0,0.0,2.5,3.0,0.0,0.0,0,0
f1359238,401023,home,CUW,CIV,Joshua BRENET,1,0.0,-1.0,0.0,-1.0,0.0,1.0666666666666667,0,1.0666666666666667,0,0,0,1,0,0.0,0.0,1.0,-2.25,0.0,0.0,2.5,3.0,0.0,0.0,0,0
f1359238,506471,home,CUW,CIV,Deveron FONVILLE,1,0.0,-1.0,0.0,-1.0,0.0,1.9,0,1.9,0,0,0,1,0,0.0,0.0,1.0,-2.25,0.0,0.0,2.5,3.0,0.0,0.0,0,0
f1359238,466317,home,CUW,CIV,Juninho BACUNA,2,0.526,-1.0,0.526,-1.0,2.105,1.9,0,1.9,0,0,1,0,0,0.0,0.0,1.0,-2.25,0.263,0.473,2.5,3.0,0.39,1.803,0,0
f1359238,494989,home,CUW,CIV,Livano COMENENCIA,2,1.006,-1.0,1.006,-1.0,2.514,1.988888888888889,0,1.988888888888889,0,0,1,0,0,0.0,0.0,1.0,-2.25,0.503,0.905,2.5,3.0,0.989,2.354,0,0
f1359238,466340,home,CUW,CIV,Leandro BACUNA,2,0.469,-1.0,0.469,-1.0,1.875,2.1333333333333333,0,2.1333333333333333,0,0,1,0,0,0.0,0.0,1.0,-2.25,0.469,0.422,2.5,3.0,0.358,1.875,0,0
f1359238,485347,home,CUW,CIV,Tahith CHONG,2,0.0,-1.0,0.0,-1.0,0.573,1.7444444444444445,0,1.7444444444444445,0,0,1,0,0,0.0,0.0,1.0,-2.25,0.0,0.0,2.5,3.0,0.0,0.702,2,1
f1359238,407680,home,CUW,CIV,Juergen LOCADIA,3,0.0,-1.0,0.0,-1.0,0.608,1.6444444444444444,0,1.6444444444444444,0,1,0,0,0,0.0,0.0,1.0,-2.25,0.0,0.0,2.5,3.0,0.0,0.478,0,0
f1359238,405873,away,CIV,CUW,Yahia Fofana,0,0.0,-1.0,0.0,0.0,0.0,2.188888888888889,0,1.0888888888888888,1.1,0,0,0,1,0.0,0.0,3.5,2.25,0.0,0.0,3.0,2.5,0.0,0.0,0,0
f1359238,477825,away,CIV,CUW,Odilon KOSSOUNOU,1,0.0,-1.0,0.0,0.0,0.0,1.2,0,1.0888888888888888,0.1111111111111111,0,0,1,0,0.0,0.0,3.5,2.25,0.0,0.0,3.0,2.5,0.0,0.0,0,0
f1359238,486317,away,CIV,CUW,Guela DOUE,1,0.0,-1.0,0.0,0.0,0.0,1.1666666666666667,0,0.17777777777777778,0.9888888888888889,0,0,1,0,0.0,0.0,3.5,2.25,0.0,0.0,3.0,2.5,0.0,0.0,0,0
f1359238,371609,away,CIV,CUW,Franck KESSIE,2,0.457,-1.0,0.918,0.0,0.914,2.188888888888889,0,1.0888888888888888,1.1,0,1,0,0,0.0,0.0,3.5,2.25,0.457,0.411,3.0,2.5,0.509,1.017,0,0
f1359238,430831,away,CIV,CUW,Ibrahim SANGARE,2,0.0,-1.0,0.0,0.0,0.0,1.0777777777777777,0,0.8333333333333334,0.24444444444444444,0,1,0,0,0.0,0.0,3.5,2.25,0.0,0.0,3.0,2.5,0.0,0.0,0,0
f1359238,464103,away,CIV,CUW,Ange-Yoan BONNY,3,0.763,-1.0,1.2,0.0,0.763,1.3111111111111111,0,0.8333333333333334,0.4777777777777778,1,0,0,0,1.2,0.0,3.5,2.25,0.382,0.763,3.0,2.5,0.824,0.824,0,0
f1359238,510922,away,CIV,CUW,Yan DIOMANDE,3,0.0,-1.0,0.0,0.0,1.467,2.0444444444444443,0,0.9444444444444444,1.1,1,0,0,0,0.0,0.0,3.5,2.25,0.0,0.0,3.0,2.5,0.0,1.424,0,0
f1359238,430822,away,CIV,CUW,Amad DIALLO,3,1.525,-1.0,0.0,4.186,2.288,1.3111111111111111,0,0.8333333333333334,0.4777777777777778,1,0,0,0,0.0,0.0,3.5,2.25,0.762,1.525,3.0,2.5,1.313,2.137,0,0
f1359238,402261,away,CIV,CUW,Nicolas PEPE,3,0.0,-1.0,0.0,0.0,2.0,1.0,0,0.14444444444444443,0.8555555555555555,1,0,0,0,0.0,0.0,3.5,2.25,0.0,0.0,3.0,2.5,0.0,1.929,2,1
f1359205,433365,home,TUN,NED,Aymen DAHMEN,0,0.0,-1.0,0.0,-1.0,0.0,1.0777777777777777,0,1.0777777777777777,0,0,0,0,1,0.0,0.0,1.5,-2.25,0.0,0.0,1.0,6.5,0.0,0.0,0,0
f1359205,433362,home,TUN,NED,Ali ABDI,1,0.0,-1.0,0.0,-1.0,0.0,2.0777777777777775,0,2.0777777777777775,0,0,0,1,0,0.0,0.0,1.5,-2.25,0.0,0.0,1.0,6.5,0.0,0.0,0,0
f1359205,433380,home,TUN,NED,Montassar TALBI,1,0.0,-1.0,0.0,-1.0,0.464,2.1555555555555554,0,2.1555555555555554,0,0,0,1,0,0.0,0.0,1.5,-2.25,0.0,0.0,1.0,6.5,0.0,0.668,0,0
f1359205,419189,home,TUN,NED,Yan Valery,1,0.0,-1.0,0.0,-1.0,0.0,1.8777777777777778,0,1.8777777777777778,0,0,0,1,0,0.0,0.0,1.5,-2.25,0.0,0.0,1.0,6.5,0.0,0.0,0,0
f1359205,425607,home,TUN,NED,Mohamed Amine BEN HMIDA,1,0.0,-1.0,0.0,-1.0,0.0,2.1555555555555554,0,2.1555555555555554,0,0,0,1,0,0.0,0.0,1.5,-2.25,0.0,0.0,1.0,6.5,0.0,0.0,0,0
f1359205,433378,home,TUN,NED,Hannibal MEJBRI,2,0.0,-1.0,0.0,-1.0,0.928,2.1555555555555554,0,2.1555555555555554,0,0,1,0,0,0.0,0.0,1.5,-2.25,0.0,0.0,1.0,6.5,0.0,0.928,1,1
f1359205,464484,home,TUN,NED,Ismael GHARBI,2,0.0,-1.0,0.0,-1.0,0.818,1.222222222222222,0,1.222222222222222,0,0,1,0,0,0.0,0.0,1.5,-2.25,0.0,0.0,1.0,6.5,0.0,0.691,0,0
f1359205,336459,home,TUN,NED,Rani Khedira,2,0.0,-1.0,0.0,-1.0,0.989,1.011111111111111,0,1.011111111111111,0,0,1,0,0,0.0,0.0,1.5,-2.25,0.0,0.0,1.0,6.5,0.0,1.038,0,0
f1359205,411658,home,TUN,NED,Ellyes SKHIRI,2,0.0,-1.0,0.0,-1.0,0.0,1.8,0,1.8,0,0,1,0,0,0.0,0.0,1.5,-2.25,0.0,0.0,1.0,6.5,0.0,0.0,0,0
f1359205,433361,home,TUN,NED,Anis SLIMANE,2,0.0,-1.0,0.0,-1.0,0.0,2.011111111111111,0,2.011111111111111,0,0,1,0,0,0.0,0.0,1.5,-2.25,0.0,0.0,1.0,6.5,0.0,0.0,1,1
f1359205,424081,away,NED,TUN,Bart Verbruggen,0,0.0,-1.0,-1.0,0.0,0.0,2.1444444444444444,0,0,2.1444444444444444,0,0,0,1,0,0,4.5,2.25,0.0,0.0,6.5,1.0,0.0,0.0,0,0
f1359205,397786,away,NED,TUN,Virgil VAN DIJK,1,0.466,-1.0,-1.0,0.466,0.466,2.1444444444444444,0,0,2.1444444444444444,0,0,1,0,0,0,4.5,2.25,0.466,0.186,6.5,1.0,0.411,0.411,1,1
f1359205,489517,away,NED,TUN,Jan Paul VAN HECKE,1,0.466,-1.0,-1.0,0.466,0.466,2.1444444444444444,0,0,2.1444444444444444,0,0,1,0,0,0,4.5,2.25,0.466,0.186,6.5,1.0,0.411,0.411,1,1
f1359205,436612,away,NED,TUN,Denzel DUMFRIES,1,0.0,-1.0,-1.0,0.0,0.0,2.1444444444444444,0,0,2.1444444444444444,0,0,1,0,0,0,4.5,2.25,0.0,0.0,6.5,1.0,0.0,0.0,2,1
f1359205,430176,away,NED,TUN,Ryan GRAVENBERCH,2,0.0,-1.0,-1.0,0.0,0.508,1.9666666666666668,0,0,1.9666666666666668,0,1,0,0,0,0,4.5,2.25,0.0,0.0,6.5,1.0,0.0,0.564,0,0
f1359205,483526,away,NED,TUN,Tijjani REIJNDERS,2,0.0,-1.0,-1.0,0.0,0.698,1.4333333333333333,0,0,1.4333333333333333,0,1,0,0,0,0,4.5,2.25,0.0,0.0,6.5,1.0,0.0,0.789,2,1
f1359205,422657,away,NED,TUN,Frenkie DE JONG,2,0.0,-1.0,-1.0,0.0,0.0,1.7333333333333334,0,0,1.7333333333333334,0,1,0,0,0,0,4.5,2.25,0.0,0.0,6.5,1.0,0.0,0.0,0,0
f1359205,448152,away,NED,TUN,Cody GAKPO,3,2.586,-1.0,-1.0,2.586,3.621,1.9333333333333333,0,0,1.9333333333333333,1,0,0,0,0,0,4.5,2.25,1.293,2.586,6.5,1.0,2.761,3.791,0,0
f1359205,433066,away,NED,TUN,Donyell Malen,3,2.571,-1.0,-1.0,2.571,2.571,0.7777777777777778,0,0,0.7777777777777778,1,0,0,0,0,0,4.5,2.25,1.286,2.571,6.5,1.0,2.571,2.571,0,0
f1359205,424051,away,NED,TUN,Brian BROBBEY,3,2.118,-1.0,-1.0,2.118,2.118,0.9444444444444444,0,0,0.9444444444444444,1,0,0,0,0,0,4.5,2.25,1.059,2.118,6.5,1.0,2.189,2.189,1,1
f1359241,405530,home,JPN,SWE,Zion Suzuki,0,0.0,-1.0,0.0,0.0,0.0,2.1555555555555554,0,1.0777777777777777,1.0777777777777777,0,0,0,1,0.0,0.0,3.0,-0.0,0.0,0.0,3.0,7.5,0.0,0.0,0,0
f1359241,405528,home,JPN,SWE,Yukinari Sugawara,1,2.0,-1.0,4.091,0.0,2.0,0.5,0,0.24444444444444444,0.25555555555555554,0,0,1,0,0.0,4.091,3.0,-0.0,1.0,0.8,3.0,7.5,3.739,3.739,1,1
f1359241,400511,home,JPN,SWE,Kou ITAKURA,1,0.0,-1.0,-1.0,0.0,0.0,1.0777777777777777,0,0,1.0777777777777777,0,0,1,0,0,0,3.0,-0.0,0.0,0.0,3.0,7.5,0.0,0.0,0,0
f1359241,403274,home,JPN,SWE,Hiroki ITO,1,0.0,-1.0,0.0,0.0,0.464,2.1555555555555554,0,1.0777777777777777,1.0777777777777777,0,0,1,0,0.0,0.0,3.0,-0.0,0.0,0.0,3.0,7.5,0.0,0.851,0,0
f1359241,400514,home,JPN,SWE,Ao TANAKA,2,0.0,-1.0,-1.0,0.0,0.928,1.0777777777777777,0,0,1.0777777777777777,0,1,0,0,0,0,3.0,-0.0,0.0,0.0,3.0,7.5,0.0,0.928,0,0
f1359241,391646,home,JPN,SWE,Ritsu DOAN,2,0.0,-1.0,0.0,0.0,0.0,1.6555555555555554,0,0.8333333333333334,0.8222222222222222,0,1,0,0,0.0,0.0,3.0,-0.0,0.0,0.0,3.0,7.5,0.0,0.0,0,0
f1359241,430407,home,JPN,SWE,Daizen MAEDA,2,0.0,-1.0,0.0,-1.0,0.0,0.7333333333333333,0,0.7333333333333333,0,0,1,0,0,0.0,0.0,3.0,-0.0,0.0,0.0,3.0,7.5,0.0,0.0,1,1
f1359241,405522,home,JPN,SWE,Keito Nakamura,2,0.514,-1.0,0.928,0.0,2.057,1.9444444444444444,0,1.0777777777777777,0.8666666666666667,0,1,0,0,0.0,0.0,3.0,-0.0,0.257,0.463,3.0,7.5,0.865,2.674,1,1
f1359241,448557,home,JPN,SWE,Daichi KAMADA,2,0.0,-1.0,0.0,0.0,0.0,1.9,0,1.0777777777777777,0.8222222222222222,0,1,0,0,0.0,0.0,3.0,-0.0,0.0,0.0,3.0,7.5,0.0,0.0,0,0
f1359241,430413,home,JPN,SWE,Ayase UEDA,3,1.607,-1.0,0.0,3.214,3.214,1.8666666666666667,0,0.9333333333333333,0.9333333333333333,1,0,0,0,0.0,0.0,3.0,-0.0,0.803,1.607,3.0,7.5,0.265,1.425,0,0
f1359241,483304,away,SWE,JPN,Gustaf LAGERBIELKE,1,0.466,-1.0,0.938,0.0,0.466,2.1444444444444444,0,1.0666666666666667,1.0777777777777777,0,0,1,0,0.0,0.938,1.0,0.0,0.466,0.186,7.5,3.0,0.443,0.443,0,0
f1359241,395283,away,SWE,JPN,Victor LINDELOF,1,0.0,-1.0,0.0,0.0,0.466,2.1444444444444444,0,1.0666666666666667,1.0777777777777777,0,0,1,0,0.0,0.0,1.0,0.0,0.0,0.0,7.5,3.0,0.0,0.489,0,0
f1359241,483312,away,SWE,JPN,Isak HIEN,1,0.0,-1.0,0.0,0.0,0.0,2.1444444444444444,0,1.0666666666666667,1.0777777777777777,0,0,1,0,0.0,0.0,1.0,0.0,0.0,0.0,7.5,3.0,0.0,0.0,0,0
f1359241,483276,away,SWE,JPN,Gabriel GUDMUNDSSON,1,0.0,-1.0,0.0,0.0,0.0,1.7444444444444445,0,1.0333333333333334,0.7111111111111111,0,0,1,0,0.0,0.0,1.0,0.0,0.0,0.0,7.5,3.0,0.0,0.0,0,0
f1359241,502945,away,SWE,JPN,Alexander BERNHARDSSON,1,0.0,-1.0,0.0,0.0,0.0,1.6111111111111112,0,0.6111111111111112,1.0,0,0,1,0,0.0,0.0,1.0,0.0,0.0,0.0,7.5,3.0,0.0,0.0,1,1
f1359241,489688,away,SWE,JPN,Yasin AYARI,2,1.534,-1.0,1.139,1.856,3.58,1.9555555555555555,0,0.8777777777777778,1.0777777777777777,0,1,0,0,0.0,0.0,1.0,0.0,0.767,1.381,7.5,3.0,1.552,3.486,0,0
f1359241,430150,away,SWE,JPN,Alexander Isak,3,1.452,-1.0,0.938,2.0,1.935,2.0666666666666664,0,1.0666666666666667,1.0,1,0,0,0,0.938,0.0,1.0,0.0,1.452,1.452,7.5,3.0,1.478,1.987,2,1
f1359241,441137,away,SWE,JPN,Anthony ELANGA,3,1.875,-1.0,2.195,0.0,1.875,0.5333333333333333,0,0.45555555555555555,0.07777777777777778,1,0,0,0,2.195,0.0,1.0,0.0,0.938,1.875,7.5,3.0,1.847,1.847,2,1
f1359241,483327,away,SWE,JPN,Viktor GYOKERES,3,2.332,-1.0,2.812,1.856,4.663,2.1444444444444444,0,1.0666666666666667,1.0777777777777777,1,0,0,0,2.812,0.0,1.0,0.0,2.332,2.332,7.5,3.0,2.308,4.662,0,0
f1359193,441181,home,TUR,USA,Ugurcan CAKIR,0,0.0,-1.0,-1.0,0.0,0.0,2.177777777777778,0,0,2.177777777777778,0,0,0,1,0,0,0.5,-0.0,0.0,0.0,6.0,4.0,0.0,0.0,0,0
f1359193,433072,home,TUR,USA,Zeki CELIK,1,1.125,-1.0,-1.0,1.125,1.125,0.8888888888888888,0,0,0.8888888888888888,0,0,1,0,0,0,0.5,-0.0,0.562,0.45,6.0,4.0,1.125,1.125,0,0
f1359193,484082,home,TUR,USA,Abdulkerim BARDAKCI,1,0.0,-1.0,-1.0,0.0,0.984,2.033333333333333,0,0,2.033333333333333,0,0,1,0,0,0,0.5,-0.0,0.0,0.0,6.0,4.0,0.0,0.957,0,0
f1359193,433118,home,TUR,USA,Orkun KOKCU,2,0.0,-1.0,-1.0,0.0,1.2,0.8333333333333333,0,0,0.8333333333333333,0,1,0,0,0,0,0.5,-0.0,0.0,0.0,6.0,4.0,0.0,1.35,1,1
f1359193,484087,home,TUR,USA,Arda GULER,3,1.378,-1.0,-1.0,1.378,5.051,2.177777777777778,0,0,2.177777777777778,1,0,0,0,0,0,0.5,-0.0,1.378,1.378,6.0,4.0,2.036,6.161,1,1
f1359193,484112,home,TUR,USA,Kenan YILDIZ,3,0.459,-1.0,-1.0,0.459,5.51,2.177777777777778,0,0,2.177777777777778,1,0,0,0,0,0,0.5,-0.0,0.459,0.459,6.0,4.0,0.244,5.537,0,0
f1359193,484139,home,TUR,USA,Baris Alper YILMAZ,3,0.0,-1.0,-1.0,0.0,0.909,1.1,0,0,1.1,1,0,0,0,0,0,0.5,-0.0,0.0,0.0,6.0,4.0,0.0,0.909,0,0
f1359193,390259,away,USA,TUR,Weston McKENNIE,2,0.0,-1.0,-1.0,0.0,0.923,2.166666666666667,0,0,2.166666666666667,0,1,0,0,0,0,1.5,0.0,0.0,0.0,4.0,6.0,0.0,1.121,1,1
f1359193,499912,away,USA,TUR,Sebastian BERHALTER,2,0.0,-1.0,-1.0,0.0,0.726,1.3777777777777778,0,0,1.3777777777777778,0,1,0,0,0,0,1.5,0.0,0.0,0.0,4.0,6.0,0.0,0.655,1,1
f1359193,419082,away,USA,TUR,Ricardo PEPI,3,0.0,-1.0,-1.0,0.0,2.673,1.1222222222222222,0,0,1.1222222222222222,1,0,0,0,0,0,1.5,0.0,0.0,0.0,4.0,6.0,0.0,2.606,0,0
f1359235,494531,home,PAR,AUS,Orlando GILL,0,0.0,-1.0,0.0,-1.0,0.0,2.2,0,2.2,0,0,0,0,1,0.0,0.0,1.0,-0.0,0.0,0.0,1.5,3.0,0.0,0.0,0,0
f1359235,486875,home,PAR,AUS,Gustavo VELAZQUEZ,1,0.0,-1.0,0.0,-1.0,0.0,0.5777777777777777,0,0.5777777777777777,0,0,0,1,0,0.0,0.0,1.0,-0.0,0.0,0.0,1.5,3.0,0.0,0.0,0,0
f1359235,431202,home,PAR,AUS,Omar ALDERETE,1,0.0,-1.0,0.0,-1.0,0.455,2.2,0,2.2,0,0,0,1,0,0.0,0.0,1.0,-0.0,0.0,0.0,1.5,3.0,0.0,0.263,0,0
f1359235,479601,home,PAR,AUS,Juan Jose CACERES,1,0.562,-1.0,0.562,-1.0,0.562,1.7777777777777777,0,1.7777777777777777,0,0,0,1,0,0.0,0.562,1.0,-0.0,0.281,0.225,1.5,3.0,0.327,0.327,0,0
f1359235,369744,home,PAR,AUS,Gustavo GOMEZ,1,0.0,-1.0,0.0,-1.0,0.455,2.2,0,2.2,0,0,0,1,0,0.0,0.0,1.0,-0.0,0.0,0.0,1.5,3.0,0.0,0.263,0,0
f1359235,463128,home,PAR,AUS,Diego GOMEZ,2,0.0,-1.0,0.0,-1.0,3.082,1.6222222222222222,0,1.6222222222222222,0,0,1,0,0,0.0,0.0,1.0,-0.0,0.0,0.0,1.5,3.0,0.0,3.733,0,0
f1359235,385306,home,PAR,AUS,Andres CUBAS,2,0.0,-1.0,0.0,-1.0,0.0,2.2,0,2.2,0,0,1,0,0,0.0,0.0,1.0,-0.0,0.0,0.0,1.5,3.0,0.0,0.0,0,0
f1359235,424422,home,PAR,AUS,Matias GALARZA,2,0.989,-1.0,0.989,-1.0,1.978,1.011111111111111,0,1.011111111111111,0,0,1,0,0,0.0,0.0,1.0,-0.0,0.494,0.89,1.5,3.0,0.989,1.978,0,0
f1359235,441234,home,PAR,AUS,Julio ENCISO,3,0.0,-1.0,0.0,-1.0,1.421,2.111111111111111,0,2.111111111111111,0,1,0,0,0,0.0,0.0,1.0,-0.0,0.0,0.0,1.5,3.0,0.0,1.593,0,0
f1359235,494557,away,AUS,PAR,Patrick BEACH,0,0.0,-1.0,0.0,-1.0,0.0,2.177777777777778,0,2.177777777777778,0,0,0,0,1,0.0,0.0,2.0,0.0,0.0,0.0,3.0,1.5,0.0,0.0,0,0
f1359235,448014,away,AUS,PAR,Alessandro CIRCATI,1,0.0,-1.0,0.0,-1.0,0.918,2.177777777777778,0,2.177777777777778,0,0,0,1,0,0.0,0.0,2.0,0.0,0.0,0.0,3.0,1.5,0.0,0.919,0,0
f1359235,423522,away,AUS,PAR,Jordan BOS,1,0.0,-1.0,0.0,-1.0,0.989,2.022222222222222,0,2.022222222222222,0,0,0,1,0,0.0,0.0,2.0,0.0,0.0,0.0,3.0,1.5,0.0,1.026,2,1
f1359235,430442,away,AUS,PAR,Harry SOUTTAR,1,0.459,-1.0,0.459,-1.0,0.459,2.177777777777778,0,2.177777777777778,0,0,0,1,0,0.0,0.459,2.0,0.0,0.459,0.184,3.0,1.5,0.475,0.475,0,0
f1359235,430452,away,AUS,PAR,Connor METCALFE,2,0.918,-1.0,0.918,-1.0,0.918,2.177777777777778,0,2.177777777777778,0,0,1,0,0,0.0,0.0,2.0,0.0,0.918,0.826,3.0,1.5,0.919,0.919,0,0
f1359235,430440,away,AUS,PAR,Aiden ONEILL,2,0.0,-1.0,0.0,-1.0,0.0,2.177777777777778,0,2.177777777777778,0,0,1,0,0,0.0,0.0,2.0,0.0,0.0,0.0,3.0,1.5,0.0,0.0,0,0
f1359235,486306,away,AUS,PAR,Nestory IRANKUNDA,3,1.125,-1.0,1.125,-1.0,1.125,1.777777777777778,0,1.777777777777778,0,1,0,0,0,1.125,0.0,2.0,0.0,0.562,1.125,3.0,1.5,1.173,1.173,0,0
f1359214,483442,home,NOR,FRA,Patrick BERG,2,0.0,-1.0,-1.0,0.0,0.0,1.3111111111111111,0,0,1.3111111111111111,0,1,0,0,0,0,0.5,-1.25,0.0,0.0,6.0,6.5,0.0,0.0,0,0
f1359214,483497,home,NOR,FRA,Fredrik AURSNES,2,0.0,-1.0,-1.0,0.0,0.0,0.8111111111111111,0,0,0.8111111111111111,0,1,0,0,0,0,0.5,-1.25,0.0,0.0,6.0,6.5,0.0,0.0,0,0
f1359214,494626,home,NOR,FRA,Andreas SCHJELDERUP,2,0.0,-1.0,-1.0,0.0,0.0,0.6111111111111112,0,0,0.6111111111111112,0,1,0,0,0,0,0.5,-1.25,0.0,0.0,6.0,6.5,0.0,0.0,0,0
f1359214,448332,away,FRA,NOR,Mike MAIGNAN,0,0.0,0.0,-1.0,0.0,0.0,2.144444444444445,1.0333333333333334,0,1.1111111111111112,0,0,0,1,0,0,1.5,1.25,0.0,0.0,6.5,6.0,0.0,0.0,0,0
f1359214,389876,away,FRA,NOR,Dayot UPAMECANO,1,0.0,0.0,-1.0,0.0,0.0,2.144444444444445,1.0333333333333334,0,1.1111111111111112,0,0,1,0,0,0,1.5,1.25,0.0,0.0,6.5,6.0,0.0,0.0,0,0
f1359214,430707,away,FRA,NOR,Jules KOUNDE,1,0.0,0.0,-1.0,0.0,0.0,2.033333333333333,0.9222222222222223,0,1.1111111111111112,0,0,1,0,0,0,1.5,1.25,0.0,0.0,6.5,6.0,0.0,0.0,0,0
f1359214,408042,away,FRA,NOR,Theo HERNANDEZ,1,0.0,-1.0,-1.0,0.0,0.9,1.1111111111111112,0,0,1.1111111111111112,0,0,1,0,0,0,1.5,1.25,0.0,0.0,6.5,6.0,0.0,0.9,0,0
f1359214,485677,away,FRA,NOR,Manu KONE,2,0.0,0.0,-1.0,-1.0,0.968,1.0333333333333334,1.0333333333333334,0,0,0,1,0,0,0,0,1.5,1.25,0.0,0.0,6.5,6.0,0.0,0.968,1,1
f1359214,405893,away,FRA,NOR,Aurelien TCHOUAMENI,2,0.0,-1.0,-1.0,0.0,0.0,1.1111111111111112,0,0,1.1111111111111112,0,1,0,0,0,0,1.5,1.25,0.0,0.0,6.5,6.0,0.0,0.0,0,0
f1359214,398680,away,FRA,NOR,Ousmane DEMBELE,3,1.216,2.647,-1.0,0.0,3.041,1.6444444444444444,0.7555555555555555,0,0.8888888888888888,1,0,0,0,0,0,1.5,1.25,0.608,1.216,6.5,6.0,0.269,1.549,3,1
f1359214,389867,away,FRA,NOR,Kylian MBAPPE,3,3.298,2.967,-1.0,3.6,5.654,2.1222222222222222,1.011111111111111,0,1.1111111111111112,1,0,0,0,0,0,1.5,1.25,3.298,3.298,6.5,6.0,3.532,4.067,2,1
f1359214,485655,away,FRA,NOR,Michael OLISE,3,1.071,0.0,-1.0,1.8,2.679,1.8666666666666667,0.7555555555555555,0,1.1111111111111112,1,0,0,0,0,0,1.5,1.25,0.535,1.071,6.5,6.0,1.65,1.98,0,0
f1359214,464114,away,FRA,NOR,Desire DOUE,3,0.804,0.0,-1.0,1.034,1.607,1.2444444444444445,0.2777777777777778,0,0.9666666666666667,1,0,0,0,0,0,1.5,1.25,0.402,0.804,6.5,6.0,0.996,1.993,3,1
f1359250,430671,home,SEN,IRQ,Ismail JAKOBS,1,0.0,-1.0,-1.0,0.0,0.0,0.5222222222222223,0,0,0.5222222222222223,0,0,1,0,0,0,3.5,2.0,0.0,0.0,3.0,0.5,0.0,0.0,0,0
f1359250,403642,home,SEN,IRQ,Krepin DIATTA,1,0.0,-1.0,0.0,0.0,0.0,2.2333333333333334,0,1.1111111111111112,1.1222222222222222,0,0,1,0,0.0,0.0,3.5,2.0,0.0,0.0,3.0,0.5,0.0,0.0,0,0
f1359250,430690,home,SEN,IRQ,Moussa Niakhate,1,0.0,-1.0,0.0,0.0,0.0,2.2333333333333334,0,1.1111111111111112,1.1222222222222222,0,0,1,0,0.0,0.0,3.5,2.0,0.0,0.0,3.0,0.5,0.0,0.0,0,0
f1359250,332314,home,SEN,IRQ,Idrissa Gana GUEYE,2,0.0,-1.0,0.0,0.0,0.952,2.1,0,0.9777777777777777,1.1222222222222222,0,1,0,0,0.0,0.0,3.5,2.0,0.0,0.0,3.0,0.5,0.0,0.828,0,0
f1359250,464842,home,SEN,IRQ,Lamine CAMARA,2,0.0,-1.0,0.0,0.0,1.304,1.5333333333333332,0,0.8333333333333334,0.7,0,1,0,0,0.0,0.0,3.5,2.0,0.0,0.0,3.0,0.5,0.0,1.109,0,0
f1359250,353790,home,SEN,IRQ,Sadio MANE,3,0.448,-1.0,0.9,0.0,0.448,2.2333333333333334,0,1.1111111111111112,1.1222222222222222,1,0,0,0,0.9,0.0,3.5,2.0,0.448,0.448,3.0,0.5,0.51,0.51,1,1
f1359250,401889,home,SEN,IRQ,Ismaila SARR,3,1.534,-1.0,0.0,2.673,4.602,1.9555555555555557,0,0.8333333333333334,1.1222222222222222,1,0,0,0,0.0,0.0,3.5,2.0,0.767,1.534,3.0,0.5,1.348,4.481,2,1
f1359250,496358,home,SEN,IRQ,Ibrahim MBAYE,3,1.25,-1.0,3.6,0.0,2.5,0.8,0,0.2777777777777778,0.5222222222222223,1,0,0,0,3.6,0.0,3.5,2.0,0.625,1.25,3.0,0.5,1.487,2.611,0,0
f1359250,433571,away,IRQ,SEN,AHMED BASIL,0,0.0,-1.0,0.0,-1.0,0.0,1.0333333333333334,0,1.0333333333333334,0,0,0,0,1,0.0,0.0,3.0,-2.0,0.0,0.0,0.5,3.0,0.0,0.0,0,0
f1359250,481183,away,IRQ,SEN,AKAM HASHIM,1,0.0,-1.0,0.0,-1.0,0.471,2.1222222222222222,0,2.1222222222222222,0,0,0,1,0,0.0,0.0,3.0,-2.0,0.0,0.0,0.5,3.0,0.0,0.543,0,0
f1359250,479072,away,IRQ,SEN,MERCHAS DOSKI,1,0.0,-1.0,0.0,-1.0,0.0,2.1222222222222222,0,2.1222222222222222,0,0,0,1,0,0.0,0.0,3.0,-2.0,0.0,0.0,0.5,3.0,0.0,0.0,0,0
f1359250,433585,away,IRQ,SEN,IBRAHIM BAYESH,2,0.0,-1.0,0.0,-1.0,0.616,1.6222222222222222,0,1.6222222222222222,0,0,1,0,0,0.0,0.0,3.0,-2.0,0.0,0.0,0.5,3.0,0.0,0.706,0,0
f1359250,434026,away,IRQ,SEN,ZIDANE IQBAL,2,0.0,-1.0,0.0,-1.0,0.0,1.4666666666666668,0,1.4666666666666668,0,0,1,0,0,0.0,0.0,3.0,-2.0,0.0,0.0,0.5,3.0,0.0,0.0,0,0
f1359250,433074,away,IRQ,SEN,AMIR ALAMMARI,2,0.0,-1.0,0.0,-1.0,0.0,1.8444444444444443,0,1.8444444444444443,0,0,1,0,0,0.0,0.0,3.0,-2.0,0.0,0.0,0.5,3.0,0.0,0.0,0,0
f1359250,436628,away,IRQ,SEN,ALI ALHAMADI,3,0.0,-1.0,0.0,-1.0,4.286,1.4,0,1.4,0,1,0,0,0,0.0,0.0,3.0,-2.0,0.0,0.0,0.5,3.0,0.0,4.329,0,0
f1359250,523236,away,IRQ,SEN,AHMED QASEM,3,0.0,-1.0,0.0,-1.0,0.0,1.3111111111111113,0,1.3111111111111113,0,1,0,0,0,0.0,0.0,3.0,-2.0,0.0,0.0,0.5,3.0,0.0,0.0,0,0
f1359250,464457,away,IRQ,SEN,ALI JASIM,3,0.0,-1.0,0.0,-1.0,0.0,0.8111111111111111,0,0.8111111111111111,0,1,0,0,0,0.0,0.0,3.0,-2.0,0.0,0.0,0.5,3.0,0.0,0.0,1,1
f1359211,229498,home,URU,ESP,Fernando MUSLERA,0,0.0,-1.0,-1.0,0.0,0.0,2.2,0,0,2.2,0,0,0,1,0,0,0.0,-0.75,0.0,0.0,6.0,7.5,0.0,0.0,0,0
f1359211,419108,home,URU,ESP,Sebastian CACERES,1,0.0,-1.0,-1.0,0.0,1.364,2.2,0,0,2.2,0,0,1,0,0,0,0.0,-0.75,0.0,0.0,6.0,7.5,0.0,1.191,0,0
f1359211,368660,home,URU,ESP,Guillermo VARELA,1,0.0,-1.0,-1.0,0.0,0.909,2.2,0,0,2.2,0,0,1,0,0,0,0.0,-0.75,0.0,0.0,6.0,7.5,0.0,0.564,0,0
f1359211,402893,home,URU,ESP,Mathias OLIVERA,1,0.0,-1.0,-1.0,0.0,0.455,2.2,0,0,2.2,0,0,1,0,0,0,0.0,-0.75,0.0,0.0,6.0,7.5,0.0,0.282,1,1
f1359211,441623,home,URU,ESP,Manuel UGARTE,2,0.634,-1.0,-1.0,0.634,1.901,1.577777777777778,0,0,1.577777777777778,0,1,0,0,0,0,0.0,-0.75,0.317,0.571,6.0,7.5,0.395,1.67,0,0
f1359211,386538,home,URU,ESP,Rodrigo BENTANCUR,2,0.0,-1.0,-1.0,0.0,1.364,2.2,0,0,2.2,0,1,0,0,0,0,0.0,-0.75,0.0,0.0,6.0,7.5,0.0,1.536,0,0
f1359211,402884,home,URU,ESP,Federico VALVERDE,2,0.909,-1.0,-1.0,0.909,4.545,2.2,0,0,2.2,0,1,0,0,0,0,0.0,-0.75,0.909,0.818,6.0,7.5,0.564,5.236,0,0
f1359211,402876,home,URU,ESP,Agustin CANOBBIO,2,0.455,-1.0,-1.0,0.455,1.364,2.2,0,0,2.2,0,1,0,0,0,0,0.0,-0.75,0.455,0.41,6.0,7.5,0.627,1.536,0,0
f1359211,419100,home,URU,ESP,Maxi ARAUJO,2,1.667,-1.0,-1.0,1.667,2.222,1.8,0,0,1.8,0,1,0,0,0,0,0.0,-0.75,0.834,1.5,6.0,7.5,1.456,2.222,0,0
f1359211,419134,home,URU,ESP,Juan Manuel SANABRIA,2,0.0,-1.0,-1.0,0.0,1.364,2.2,0,0,2.2,0,1,0,0,0,0,0.0,-0.75,0.0,0.0,6.0,7.5,0.0,0.846,0,0
f1359211,430753,away,ESP,URU,Unai SIMON,0,0.0,0.0,-1.0,-1.0,0.0,2.166666666666667,2.166666666666667,0,0,0,0,0,1,0,0,1.5,0.75,0.0,0.0,7.5,6.0,0.0,0.0,0,0
f1359211,382739,away,ESP,URU,Marcos LLORENTE,1,0.0,0.0,-1.0,-1.0,0.0,1.0666666666666667,1.0666666666666667,0,0,0,0,1,0,0,0,1.5,0.75,0.0,0.0,7.5,6.0,-1.0,0,0,0
f1359211,335999,away,ESP,URU,Aymeric LAPORTE,1,0.462,0.462,-1.0,-1.0,0.923,2.166666666666667,2.166666666666667,0,0,0,0,1,0,0,0,1.5,0.75,0.462,0.185,7.5,6.0,0.0,0.0,0,0
f1359211,474973,away,ESP,URU,Pau CUBARSI,1,0.0,0.0,-1.0,-1.0,0.462,2.166666666666667,2.166666666666667,0,0,0,0,1,0,0,0,1.5,0.75,0.0,0.0,7.5,6.0,0.0,0.0,0,0
f1359211,430735,away,ESP,URU,Marc CUCURELLA,1,0.923,0.923,-1.0,-1.0,1.385,2.166666666666667,2.166666666666667,0,0,0,0,1,0,0,0,1.5,0.75,0.923,0.369,7.5,6.0,0.909,0.909,0,0
f1359211,430733,away,ESP,URU,Mikel MERINO,2,1.429,1.429,-1.0,-1.0,2.857,0.7,0.7,0,0,0,1,0,0,0,0,1.5,0.75,0.715,1.286,7.5,6.0,0.0,2.368,0,0
f1359211,447860,away,ESP,URU,Alex BAENA,2,0.0,0.0,-1.0,-1.0,2.951,0.6777777777777778,0.6777777777777778,0,0,0,1,0,0,0,0,1.5,0.75,0.0,0.0,7.5,6.0,0.0,2.951,1,1
f1359211,411375,away,ESP,URU,RODRI,2,0.0,0.0,-1.0,-1.0,1.452,2.066666666666667,2.066666666666667,0,0,0,1,0,0,0,0,1.5,0.75,0.0,0.0,7.5,6.0,0.0,0.909,0,0
f1359211,423646,away,ESP,URU,PEDRI,2,0.542,0.542,-1.0,-1.0,1.627,1.8444444444444446,1.8444444444444446,0,0,0,1,0,0,0,0,1.5,0.75,0.271,0.488,7.5,6.0,0.0,1.286,0,0
f1359211,430751,away,ESP,URU,Mikel OYARZABAL,3,0.938,0.938,-1.0,-1.0,4.688,1.0666666666666667,1.0666666666666667,0,0,1,0,0,0,0,0,1.5,0.75,0.469,0.938,7.5,6.0,-1.0,0,0,0
f1359247,364752,home,CPV,KSA,VOZINHA,0,0.0,-1.0,0.0,-1.0,0.0,2.166666666666667,0,2.166666666666667,0,0,0,0,1,0.0,0.0,2.5,-0.0,0.0,0.0,2.5,2.5,0.0,0.0,0,0
f1359247,409241,home,CPV,KSA,DINEY BORGES,1,0.462,-1.0,0.462,-1.0,0.923,2.166666666666667,0,2.166666666666667,0,0,0,1,0,0.0,0.462,2.5,-0.0,0.462,0.185,2.5,2.5,0.581,0.927,0,0
f1359247,477770,home,CPV,KSA,PICO LOPES,1,0.0,-1.0,0.0,-1.0,0.462,2.166666666666667,0,2.166666666666667,0,0,0,1,0,0.0,0.0,2.5,-0.0,0.0,0.0,2.5,2.5,0.0,0.345,0,0
f1359247,477852,home,CPV,KSA,KEVIN PINA,2,0.542,-1.0,0.542,-1.0,1.084,1.8444444444444446,0,1.8444444444444446,0,0,1,0,0,0.0,0.0,2.5,-0.0,0.271,0.488,2.5,2.5,0.388,1.043,0,0
f1359247,401894,home,CPV,KSA,JAMIRO MONTEIRO,2,0.0,-1.0,0.0,-1.0,1.132,1.7666666666666666,0,1.7666666666666666,0,0,1,0,0,0.0,0.0,2.5,-0.0,0.0,0.0,2.5,2.5,0.0,0.845,1,1
f1359247,477827,home,CPV,KSA,DEROY DUARTE,2,0.0,-1.0,0.0,-1.0,0.0,1.488888888888889,0,1.488888888888889,0,0,1,0,0,0.0,0.0,2.5,-0.0,0.0,0.0,2.5,2.5,0.0,0.0,0,0
f1359247,482782,home,CPV,KSA,DAILON LIVRAMENTO,3,0.0,-1.0,0.0,-1.0,1.475,0.6777777777777778,0,0.6777777777777778,0,1,0,0,0,0.0,0.0,2.5,-0.0,0.0,0.0,2.5,2.5,0.0,1.475,0,0
f1359247,355642,home,CPV,KSA,RYAN MENDES,3,0.0,-1.0,0.0,-1.0,1.385,2.166666666666667,0,2.166666666666667,0,1,0,0,0,0.0,0.0,2.5,-0.0,0.0,0.0,2.5,2.5,0.0,1.272,0,0
f1359247,396885,away,KSA,CPV,MOHAMMED ALOWAIS,0,0.0,-1.0,0.0,-1.0,0.0,2.2,0,2.2,0,0,0,0,1,0.0,0.0,1.0,0.0,0.0,0.0,2.5,2.5,0.0,0.0,0,0
f1359247,403312,away,KSA,CPV,Abdulelah ALAMRI,1,1.132,-1.0,1.132,-1.0,1.698,1.7666666666666666,0,1.7666666666666666,0,0,0,1,0,0.0,1.132,1.0,0.0,0.566,0.453,2.5,2.5,1.021,1.679,0,0
f1359247,403335,away,KSA,CPV,HASSAN ALTAMBAKTI,1,0.0,-1.0,0.0,-1.0,0.0,2.2,0,2.2,0,0,0,1,0,0.0,0.0,1.0,0.0,0.0,0.0,2.5,2.5,0.0,0.0,0,0
f1359247,419281,away,KSA,CPV,SAUD ABDULHAMID,1,0.0,-1.0,0.0,-1.0,0.471,2.1222222222222222,0,2.1222222222222222,0,0,0,1,0,0.0,0.0,1.0,0.0,0.0,0.0,2.5,2.5,0.0,0.41,0,0
f1359247,403319,away,KSA,CPV,NASSER ALDAWSARI,2,0.0,-1.0,0.0,-1.0,0.0,1.4,0,1.4,0,0,1,0,0,0.0,0.0,1.0,0.0,0.0,0.0,2.5,2.5,0.0,0.0,0,0
f1359247,411624,away,KSA,CPV,ABDULLAH ALKHAIBARI,2,0.0,-1.0,0.0,-1.0,0.909,1.1,0,1.1,0,0,1,0,0,0.0,0.0,1.0,0.0,0.0,0.0,2.5,2.5,0.0,0.909,0,0
f1359247,407993,away,KSA,CPV,MOHAMED KANNO,2,0.455,-1.0,0.455,-1.0,0.909,2.2,0,2.2,0,0,1,0,0,0.0,0.0,1.0,0.0,0.455,0.41,2.5,2.5,0.397,0.794,1,1
f1359247,419291,away,KSA,CPV,FERAS ALBRIKAN,3,0.0,-1.0,0.0,-1.0,0.0,1.6888888888888887,0,1.6888888888888887,0,1,0,0,0,0.0,0.0,1.0,0.0,0.0,0.0,2.5,2.5,0.0,0.0,0,0
f1359247,339745,away,KSA,CPV,SALEM ALDAWSARI,3,0.455,-1.0,0.455,-1.0,0.909,2.2,0,2.2,0,1,0,0,0,0.455,0.0,1.0,0.0,0.455,0.455,2.5,2.5,0.512,0.909,0,0
f1359208,368535,home,NZL,BEL,Max CROCOMBE,0,0.0,-1.0,0.0,-1.0,0.0,2.188888888888889,0,2.188888888888889,0,0,0,0,1,0.0,0.0,0.5,-2.25,0.0,0.0,6.5,5.0,0.0,0.0,0,0
f1359208,331463,home,NZL,BEL,Tim PAYNE,1,0.0,-1.0,0.0,-1.0,0.0,1.7999999999999998,0,1.7999999999999998,0,0,0,1,0,0.0,0.0,0.5,-2.25,0.0,0.0,6.5,5.0,0.0,0.0,0,0
f1359208,405469,home,NZL,BEL,Liberato CACACE,1,0.625,-1.0,0.625,-1.0,0.625,1.6,0,1.6,0,0,0,1,0,0.0,0.625,0.5,-2.25,0.312,0.25,6.5,5.0,0.664,0.664,0,0
f1359208,463580,home,NZL,BEL,Finn SURMAN,1,0.457,-1.0,0.457,-1.0,0.914,2.188888888888889,0,2.188888888888889,0,0,0,1,0,0.0,0.457,0.5,-2.25,0.457,0.183,6.5,5.0,0.431,0.915,0,0
f1359208,390181,home,NZL,BEL,Joe BELL,2,0.0,-1.0,0.0,-1.0,0.457,2.188888888888889,0,2.188888888888889,0,0,1,0,0,0.0,0.0,0.5,-2.25,0.0,0.0,6.5,5.0,0.0,0.431,0,0
f1359208,423595,home,NZL,BEL,Marko STAMENIC,2,0.0,-1.0,0.0,-1.0,1.399,2.1444444444444444,0,2.1444444444444444,0,0,1,0,0,0.0,0.0,0.5,-2.25,0.0,0.0,6.5,5.0,0.0,1.376,0,0
f1359208,390209,home,NZL,BEL,Sarpreet SINGH,2,1.071,-1.0,1.071,-1.0,2.143,1.8666666666666667,0,1.8666666666666667,0,0,1,0,0,0.0,0.0,0.5,-2.25,0.535,0.964,6.5,5.0,1.128,2.193,0,0
f1359208,405454,home,NZL,BEL,Elijah JUST,2,1.492,-1.0,1.492,-1.0,1.989,2.011111111111111,0,2.011111111111111,0,0,1,0,0,0.0,0.0,0.5,-2.25,1.492,1.343,6.5,5.0,1.515,1.982,2,1
f1359208,336641,home,NZL,BEL,Ryan THOMAS,2,0.0,-1.0,0.0,-1.0,0.0,0.5888888888888889,0,0.5888888888888889,0,0,1,0,0,0.0,0.0,0.5,-2.25,0.0,0.0,6.5,5.0,0.0,0.0,0,0
f1359208,274078,home,NZL,BEL,Chris WOOD,3,0.914,-1.0,0.914,-1.0,2.284,2.188888888888889,0,2.188888888888889,0,1,0,0,0,0.914,0.0,0.5,-2.25,0.914,0.914,6.5,5.0,0.968,2.368,0,0
f1359208,358106,away,BEL,NZL,Thibaut COURTOIS,0,0.0,-1.0,-1.0,0.0,0.0,2.1333333333333333,0,0,2.1333333333333333,0,0,0,1,0,0,2.5,2.25,0.0,0.0,5.0,6.5,0.0,0.0,0,0
f1359208,448360,away,BEL,NZL,Brandon MECHELE,1,0.469,-1.0,-1.0,0.469,1.406,2.1333333333333333,0,0,2.1333333333333333,0,0,1,0,0,0,2.5,2.25,0.469,0.188,5.0,6.5,0.765,1.703,0,0
f1359208,448373,away,BEL,NZL,Maxim DE CUYPER,1,2.647,-1.0,-1.0,2.647,3.309,1.511111111111111,0,0,1.511111111111111,0,0,1,0,0,0,2.5,2.25,1.323,1.059,5.0,6.5,1.315,1.644,1,1
f1359208,411443,away,BEL,NZL,Timothy CASTAGNE,1,0.0,-1.0,-1.0,0.0,0.0,1.0444444444444445,0,0,1.0444444444444445,0,0,1,0,0,0,2.5,2.25,0.0,0.0,5.0,6.5,0.0,0.0,0,0
f1359208,358120,away,BEL,NZL,Kevin DE BRUYNE,2,1.047,-1.0,-1.0,1.047,4.709,1.911111111111111,0,0,1.911111111111111,0,1,0,0,0,0,2.5,2.25,0.523,0.942,5.0,6.5,1.054,4.411,2,1
f1359208,401444,away,BEL,NZL,Youri TIELEMANS,2,0.469,-1.0,-1.0,0.469,1.875,2.1333333333333333,0,0,2.1333333333333333,0,1,0,0,0,0,2.5,2.25,0.469,0.422,5.0,6.5,0.172,1.875,0,0
f1359208,448343,away,BEL,NZL,Hans VANAKEN,2,0.0,-1.0,-1.0,0.0,3.673,0.5444444444444444,0,0,0.5444444444444444,0,1,0,0,0,0,2.5,2.25,0.0,0.0,5.0,6.5,0.0,2.072,0,0
f1359208,448355,away,BEL,NZL,Leandro TROSSARD,3,0.0,-1.0,-1.0,0.0,1.875,2.1333333333333333,0,0,2.1333333333333333,1,0,0,0,0,0,2.5,2.25,0.0,0.0,5.0,6.5,0.0,2.468,2,1
f1359208,448341,away,BEL,NZL,Jeremy DOKU,3,0.0,-1.0,-1.0,0.0,1.059,0.9444444444444444,0,0,0.9444444444444444,1,0,0,0,0,0,2.5,2.25,0.0,0.0,5.0,6.5,0.0,1.059,1,1
f1359208,448362,away,BEL,NZL,Charles DE KETELAERE,3,0.0,-1.0,-1.0,0.0,0.0,0.7333333333333333,0,0,0.7333333333333333,1,0,0,0,0,0,2.5,2.25,0.0,0.0,5.0,6.5,0.0,0.0,1,1
f1359244,416906,home,EGY,IRN,MOSTAFA SHOUBIR,0,0.0,-1.0,0.0,0.0,0.0,2.188888888888889,0,1.0666666666666667,1.1222222222222222,0,0,0,1,0.0,0.0,1.0,-0.0,0.0,0.0,5.0,3.5,0.0,0.0,0,0
f1359244,408950,home,EGY,IRN,MOHAMED HANY,1,0.0,-1.0,0.0,0.0,1.371,2.188888888888889,0,1.0666666666666667,1.1222222222222222,0,0,1,0,0.0,0.0,1.0,-0.0,0.0,0.0,5.0,3.5,0.0,1.694,0,0
f1359244,344661,home,EGY,IRN,RAMY RABIA,1,0.0,-1.0,0.0,0.0,0.0,0.9444444444444444,0,0.2777777777777778,0.6666666666666666,0,0,1,0,0.0,0.0,1.0,-0.0,0.0,0.0,5.0,3.5,0.0,0.0,0,0
f1359244,430477,home,EGY,IRN,AHMED FATOUH,1,0.476,-1.0,0.0,0.891,0.476,2.1,0,0.9777777777777777,1.1222222222222222,0,0,1,0,0.0,0.0,1.0,-0.0,0.476,0.19,5.0,3.5,0.176,0.176,0,0
f1359244,430482,home,EGY,IRN,EMAM ASHOUR,2,0.581,-1.0,1.268,0.0,2.903,1.7222222222222223,0,0.7888888888888889,0.9333333333333333,0,1,0,0,0.0,0.0,1.0,-0.0,0.29,0.523,5.0,3.5,1.012,2.672,0,0
f1359244,483161,home,EGY,IRN,MOSTAFA ZICO,2,1.184,-1.0,1.184,1.184,3.553,1.6888888888888889,0,0.8444444444444444,0.8444444444444444,0,1,0,0,0.0,0.0,1.0,-0.0,0.592,1.066,5.0,3.5,1.184,2.786,0,0
f1359244,433469,home,EGY,IRN,MOHANAD LASHIN,2,0.0,-1.0,0.0,0.0,0.0,2.188888888888889,0,1.0666666666666667,1.1222222222222222,0,1,0,0,0.0,0.0,1.0,-0.0,0.0,0.0,5.0,3.5,0.0,0.0,0,0
f1359244,344654,home,EGY,IRN,MOHAMED SALAH,3,1.688,-1.0,1.184,2.143,3.375,1.7777777777777777,0,0.8444444444444444,0.9333333333333333,1,0,0,0,1.184,0.0,1.0,-0.0,0.844,1.688,5.0,3.5,1.368,1.982,0,0
f1359244,380007,away,IRN,EGY,Alireza BEIRANVAND,0,0.0,-1.0,0.0,0.0,0.0,2.1333333333333333,0,1.0666666666666667,1.0666666666666667,0,0,0,1,0.0,0.0,1.0,0.0,0.0,0.0,3.5,5.0,0.0,0.0,0,0
f1359244,346743,away,IRN,EGY,Shoja KHALILZADEH,1,0.0,-1.0,0.0,0.0,0.469,2.1333333333333333,0,1.0666666666666667,1.0666666666666667,0,0,1,0,0.0,0.0,1.0,0.0,0.0,0.0,3.5,5.0,0.0,0.575,0,0
f1359244,390537,away,IRN,EGY,Milad MOHAMMADI,1,0.0,-1.0,0.0,0.0,0.0,1.4,0,0.3333333333333333,1.0666666666666667,0,0,1,0,0.0,0.0,1.0,0.0,0.0,0.0,3.5,5.0,0.0,0.0,1,1
f1359244,390534,away,IRN,EGY,Hossein KANANI,1,0.938,-1.0,0.938,-1.0,0.938,1.0666666666666667,0,1.0666666666666667,0,0,0,1,0,0.0,0.938,1.0,0.0,0.469,0.375,3.5,5.0,0.938,0.938,0,0
f1359244,489603,away,IRN,EGY,Ali NEMATI,1,0.0,-1.0,0.0,0.0,0.469,2.1333333333333333,0,1.0666666666666667,1.0666666666666667,0,0,1,0,0.0,0.0,1.0,0.0,0.0,0.0,3.5,5.0,0.0,0.363,0,0
f1359244,384797,away,IRN,EGY,Ramin REZAEIAN,1,0.469,-1.0,0.0,0.938,0.469,2.1333333333333333,0,1.0666666666666667,1.0666666666666667,0,0,1,0,0.0,0.0,1.0,0.0,0.469,0.188,3.5,5.0,0.363,0.363,1,1
f1359244,371736,away,IRN,EGY,Saeid EZATOLAHI,2,0.994,-1.0,1.059,0.938,1.989,2.011111111111111,0,0.9444444444444444,1.0666666666666667,0,1,0,0,0.0,0.0,1.0,0.0,0.994,0.895,3.5,5.0,1.008,2.017,0,0
f1359244,448497,away,IRN,EGY,Mohammad MOHEBBI,2,0.556,-1.0,0.0,0.938,1.111,1.7999999999999998,0,0.7333333333333333,1.0666666666666667,0,1,0,0,0.0,0.0,1.0,0.0,0.278,0.5,3.5,5.0,0.449,0.898,0,0
f1359244,411644,away,IRN,EGY,Saman GHODDOS,2,0.0,-1.0,0.0,0.0,1.25,1.6,0,0.8777777777777778,0.7222222222222222,0,1,0,0,0.0,0.0,1.0,0.0,0.0,0.0,3.5,5.0,0.0,0.947,0,0
f1359244,388475,away,IRN,EGY,Mehdi TAREMI,3,0.511,-1.0,0.938,0.0,1.534,1.9555555555555555,0,1.0666666666666667,0.8888888888888888,1,0,0,0,0.938,0.0,1.0,0.0,0.256,0.511,3.5,5.0,0.614,1.39,1,1
